timestamp,actuator_cmd[0],actuator_cmd[1],actuator_cmd[2],actuator_cmd[3],actuator_cmd[4],actuator_cmd[5],actuator_cmd[6],actuator_cmd[7],actuator_cmd[8],actuator_cmd[9],actuator_cmd[10],actuator_cmd[11],actuator_cmd[12],actuator_cmd[13],actuator_cmd[14],actuator_cmd[15],delta_ts
0,1000,1000,1000,1000,0,0,0,0,0,0,0,0,0,0,0,0,0
100,1000,1000,1000,1000,0,0,0,0,0,0,0,0,0,0,0,0,100
200,1000,1000,1000,1000,0,0,0,0,0,0,0,0,0,0,0,0,100
300,1000,1000,1000,1000,0,0,0,0,0,0,0,0,0,0,0,0,100
400,1000,1000,1000,1000,0,0,0,0,0,0,0,0,0,0,0,0,100
500,1000,1000,1000,1000,0,0,0,0,0,0,0,0,0,0,0,0,100
600,1000,1000,1000,1000,0,0,0,0,0,0,0,0,0,0,0,0,100
700,1000,1000,1000,1000,0,0,0,0,0,0,0,0,0,0,0,0,100
800,1000,1000,1000,1000,0,0,0,0,0,0,0,0,0,0,0,0,100
900,1000,1000,1000,1000,0,0,0,0,0,0,0,0,0,0,0,0,100
1000,1000,1000,1000,1000,0,0,0,0,0,0,0,0,0,0,0,0,100
1100,1000,1000,1000,1000,0,0,0,0,0,0,0,0,0,0,0,0,100
1200,1000,1000,1000,1000,0,0,0,0,0,0,0,0,0,0,0,0,100
1300,1000,1000,1000,1000,0,0,0,0,0,0,0,0,0,0,0,0,100
1400,1000,1000,1000,1000,0,0,0,0,0,0,0,0,0,0,0,0,100
1500,1000,1000,1000,1000,0,0,0,0,0,0,0,0,0,0,0,0,100
1600,1000,1000,1000,1000,0,0,0,0,0,0,0,0,0,0,0,0,100
1700,1000,1000,1000,1000,0,0,0,0,0,0,0,0,0,0,0,0,100
1800,1000,1000,1000,1000,0,0,0,0,0,0,0,0,0,0,0,0,100
1900,1000,1000,1000,1000,0,0,0,0,0,0,0,0,0,0,0,0,100
2000,1000,1000,1000,1000,0,0,0,0,0,0,0,0,0,0,0,0,100
2100,1000,1000,1000,1000,0,0,0,0,0,0,0,0,0,0,0,0,100
2200,1000,1000,1000,1000,0,0,0,0,0,0,0,0,0,0,0,0,100
2300,1000,1000,1000,1000,0,0,0,0,0,0,0,0,0,0,0,0,100
2400,1000,1000,1000,1000,0,0,0,0,0,0,0,0,0,0,0,0,100
2500,1000,1000,1000,1000,0,0,0,0,0,0,0,0,0,0,0,0,100
2600,1000,1000,1000,1000,0,0,0,0,0,0,0,0,0,0,0,0,100
2700,1000,1000,1000,1000,0,0,0,0,0,0,0,0,0,0,0,0,100
2800,1000,1000,1000,1000,0,0,0,0,0,0,0,0,0,0,0,0,100
2900,1000,1000,1000,1000,0,0,0,0,0,0,0,0,0,0,0,0,100
3000,1000,1000,1000,1000,0,0,0,0,0,0,0,0,0,0,0,0,100
3100,1000,1000,1000,1000,0,0,0,0,0,0,0,0,0,0,0,0,100
3200,1000,1000,1000,1000,0,0,0,0,0,0,0,0,0,0,0,0,100
3300,1000,1000,1000,1000,0,0,0,0,0,0,0,0,0,0,0,0,100
3400,1000,1000,1000,1000,0,0,0,0,0,0,0,0,0,0,0,0,100
3500,1000,1000,1000,1000,0,0,0,0,0,0,0,0,0,0,0,0,100
3600,1000,1000,1000,1000,0,0,0,0,0,0,0,0,0,0,0,0,100
3700,1000,1000,1000,1000,0,0,0,0,0,0,0,0,0,0,0,0,100
3800,1000,1000,1000,1000,0,0,0,0,0,0,0,0,0,0,0,0,100
3900,1000,1000,1000,1000,0,0,0,0,0,0,0,0,0,0,0,0,100
4000,1000,1000,1000,1000,0,0,0,0,0,0,0,0,0,0,0,0,100
4100,1000,1000,1000,1000,0,0,0,0,0,0,0,0,0,0,0,0,100
4200,1000,1000,1000,1000,0,0,0,0,0,0,0,0,0,0,0,0,100
4300,1000,1000,1000,1000,0,0,0,0,0,0,0,0,0,0,0,0,100
4400,1000,1000,1000,1000,0,0,0,0,0,0,0,0,0,0,0,0,100
4500,1000,1000,1000,1000,0,0,0,0,0,0,0,0,0,0,0,0,100
4600,1000,1000,1000,1000,0,0,0,0,0,0,0,0,0,0,0,0,100
4700,1000,1000,1000,1000,0,0,0,0,0,0,0,0,0,0,0,0,100
4800,1000,1000,1000,1000,0,0,0,0,0,0,0,0,0,0,0,0,100
4900,1000,1000,1000,1000,0,0,0,0,0,0,0,0,0,0,0,0,100
5000,1000,1000,1000,1000,0,0,0,0,0,0,0,0,0,0,0,0,100
5100,1000,1000,1000,1000,0,0,0,0,0,0,0,0,0,0,0,0,100
5200,1000,1000,1000,1000,0,0,0,0,0,0,0,0,0,0,0,0,100
5300,1000,1000,1000,1000,0,0,0,0,0,0,0,0,0,0,0,0,100
5400,1000,1000,1000,1000,0,0,0,0,0,0,0,0,0,0,0,0,100
5500,1000,1000,1000,1000,0,0,0,0,0,0,0,0,0,0,0,0,100
5600,1000,1000,1000,1000,0,0,0,0,0,0,0,0,0,0,0,0,100
5700,1000,1000,1000,1000,0,0,0,0,0,0,0,0,0,0,0,0,100
5800,1000,1000,1000,1000,0,0,0,0,0,0,0,0,0,0,0,0,100
5900,1000,1000,1000,1000,0,0,0,0,0,0,0,0,0,0,0,0,100
6000,1000,1000,1000,1000,0,0,0,0,0,0,0,0,0,0,0,0,100
6100,1000,1000,1000,1000,0,0,0,0,0,0,0,0,0,0,0,0,100
6200,1000,1000,1000,1000,0,0,0,0,0,0,0,0,0,0,0,0,100
6300,1000,1000,1000,1000,0,0,0,0,0,0,0,0,0,0,0,0,100
6400,1000,1000,1000,1000,0,0,0,0,0,0,0,0,0,0,0,0,100
6500,1000,1000,1000,1000,0,0,0,0,0,0,0,0,0,0,0,0,100
6600,1000,1000,1000,1000,0,0,0,0,0,0,0,0,0,0,0,0,100
6700,1000,1000,1000,1000,0,0,0,0,0,0,0,0,0,0,0,0,100
6800,1000,1000,1000,1000,0,0,0,0,0,0,0,0,0,0,0,0,100
6900,1000,1000,1000,1000,0,0,0,0,0,0,0,0,0,0,0,0,100
7000,1000,1000,1000,1000,0,0,0,0,0,0,0,0,0,0,0,0,100
7100,1000,1000,1000,1000,0,0,0,0,0,0,0,0,0,0,0,0,100
7200,1000,1000,1000,1000,0,0,0,0,0,0,0,0,0,0,0,0,100
7300,1000,1000,1000,1000,0,0,0,0,0,0,0,0,0,0,0,0,100
7400,1000,1000,1000,1000,0,0,0,0,0,0,0,0,0,0,0,0,100
7500,1000,1000,1000,1000,0,0,0,0,0,0,0,0,0,0,0,0,100
7600,1000,1000,1000,1000,0,0,0,0,0,0,0,0,0,0,0,0,100
7700,1000,1000,1000,1000,0,0,0,0,0,0,0,0,0,0,0,0,100
7800,1000,1000,1000,1000,0,0,0,0,0,0,0,0,0,0,0,0,100
7900,1000,1000,1000,1000,0,0,0,0,0,0,0,0,0,0,0,0,100
8000,1000,1000,1000,1000,0,0,0,0,0,0,0,0,0,0,0,0,100
8100,1000,1000,1000,1000,0,0,0,0,0,0,0,0,0,0,0,0,100
8200,1000,1000,1000,1000,0,0,0,0,0,0,0,0,0,0,0,0,100
8300,1000,1000,1000,1000,0,0,0,0,0,0,0,0,0,0,0,0,100
8400,1000,1000,1000,1000,0,0,0,0,0,0,0,0,0,0,0,0,100
8500,1000,1000,1000,1000,0,0,0,0,0,0,0,0,0,0,0,0,100
8600,1000,1000,1000,1000,0,0,0,0,0,0,0,0,0,0,0,0,100
8700,1000,1000,1000,1000,0,0,0,0,0,0,0,0,0,0,0,0,100
8800,1000,1000,1000,1000,0,0,0,0,0,0,0,0,0,0,0,0,100
8900,1000,1000,1000,1000,0,0,0,0,0,0,0,0,0,0,0,0,100
9000,1000,1000,1000,1000,0,0,0,0,0,0,0,0,0,0,0,0,100
9100,1000,1000,1000,1000,0,0,0,0,0,0,0,0,0,0,0,0,100
9200,1000,1000,1000,1000,0,0,0,0,0,0,0,0,0,0,0,0,100
9300,1000,1000,1000,1000,0,0,0,0,0,0,0,0,0,0,0,0,100
9400,1000,1000,1000,1000,0,0,0,0,0,0,0,0,0,0,0,0,100
9500,1000,1000,1000,1000,0,0,0,0,0,0,0,0,0,0,0,0,100
9600,1000,1000,1000,1000,0,0,0,0,0,0,0,0,0,0,0,0,100
9700,1000,1000,1000,1000,0,0,0,0,0,0,0,0,0,0,0,0,100
9800,1000,1000,1000,1000,0,0,0,0,0,0,0,0,0,0,0,0,100
9900,1000,1000,1000,1000,0,0,0,0,0,0,0,0,0,0,0,0,100
10000,1000,1000,1000,1000,0,0,0,0,0,0,0,0,0,0,0,0,100
10100,1000,1000,1000,1000,0,0,0,0,0,0,0,0,0,0,0,0,100
10200,1000,1000,1000,1000,0,0,0,0,0,0,0,0,0,0,0,0,100
10300,1000,1000,1000,1000,0,0,0,0,0,0,0,0,0,0,0,0,100
10400,1000,1000,1000,1000,0,0,0,0,0,0,0,0,0,0,0,0,100
10500,1000,1000,1000,1000,0,0,0,0,0,0,0,0,0,0,0,0,100
10600,1000,1000,1000,1000,0,0,0,0,0,0,0,0,0,0,0,0,100
10700,1000,1000,1000,1000,0,0,0,0,0,0,0,0,0,0,0,0,100
10800,1000,1000,1000,1000,0,0,0,0,0,0,0,0,0,0,0,0,100
10900,1000,1000,1000,1000,0,0,0,0,0,0,0,0,0,0,0,0,100
11000,1000,1000,1000,1000,0,0,0,0,0,0,0,0,0,0,0,0,100
11100,1000,1000,1000,1000,0,0,0,0,0,0,0,0,0,0,0,0,100
11200,1000,1000,1000,1000,0,0,0,0,0,0,0,0,0,0,0,0,100
11300,1000,1000,1000,1000,0,0,0,0,0,0,0,0,0,0,0,0,100
11400,1000,1000,1000,1000,0,0,0,0,0,0,0,0,0,0,0,0,100
11500,1000,1000,1000,1000,0,0,0,0,0,0,0,0,0,0,0,0,100
11600,1000,1000,1000,1000,0,0,0,0,0,0,0,0,0,0,0,0,100
11700,1000,1000,1000,1000,0,0,0,0,0,0,0,0,0,0,0,0,100
11800,1000,1000,1000,1000,0,0,0,0,0,0,0,0,0,0,0,0,100
11900,1000,1000,1000,1000,0,0,0,0,0,0,0,0,0,0,0,0,100
12000,1000,1000,1000,1000,0,0,0,0,0,0,0,0,0,0,0,0,100
12100,1000,1000,1000,1000,0,0,0,0,0,0,0,0,0,0,0,0,100
12200,1000,1000,1000,1000,0,0,0,0,0,0,0,0,0,0,0,0,100
12300,1000,1000,1000,1000,0,0,0,0,0,0,0,0,0,0,0,0,100
12400,1000,1000,1000,1000,0,0,0,0,0,0,0,0,0,0,0,0,100
12500,1000,1000,1000,1000,0,0,0,0,0,0,0,0,0,0,0,0,100
12600,1000,1000,1000,1000,0,0,0,0,0,0,0,0,0,0,0,0,100
12700,1000,1000,1000,1000,0,0,0,0,0,0,0,0,0,0,0,0,100
12800,1000,1000,1000,1000,0,0,0,0,0,0,0,0,0,0,0,0,100
12900,1000,1000,1000,1000,0,0,0,0,0,0,0,0,0,0,0,0,100
13000,1000,1000,1000,1000,0,0,0,0,0,0,0,0,0,0,0,0,100
13100,1000,1000,1000,1000,0,0,0,0,0,0,0,0,0,0,0,0,100
13200,1000,1000,1000,1000,0,0,0,0,0,0,0,0,0,0,0,0,100
13300,1000,1000,1000,1000,0,0,0,0,0,0,0,0,0,0,0,0,100
13400,1000,1000,1000,1000,0,0,0,0,0,0,0,0,0,0,0,0,100
13500,1000,1000,1000,1000,0,0,0,0,0,0,0,0,0,0,0,0,100
13600,1000,1000,1000,1000,0,0,0,0,0,0,0,0,0,0,0,0,100
13700,1000,1000,1000,1000,0,0,0,0,0,0,0,0,0,0,0,0,100
13800,1000,1000,1000,1000,0,0,0,0,0,0,0,0,0,0,0,0,100
13900,1000,1000,1000,1000,0,0,0,0,0,0,0,0,0,0,0,0,100
14000,1000,1000,1000,1000,0,0,0,0,0,0,0,0,0,0,0,0,100
14100,1000,1000,1000,1000,0,0,0,0,0,0,0,0,0,0,0,0,100
14200,1000,1000,1000,1000,0,0,0,0,0,0,0,0,0,0,0,0,100
14300,1000,1000,1000,1000,0,0,0,0,0,0,0,0,0,0,0,0,100
14400,1000,1000,1000,1000,0,0,0,0,0,0,0,0,0,0,0,0,100
14500,1000,1000,1000,1000,0,0,0,0,0,0,0,0,0,0,0,0,100
14600,1000,1000,1000,1000,0,0,0,0,0,0,0,0,0,0,0,0,100
14700,1000,1000,1000,1000,0,0,0,0,0,0,0,0,0,0,0,0,100
14800,1000,1000,1000,1000,0,0,0,0,0,0,0,0,0,0,0,0,100
14900,1000,1000,1000,1000,0,0,0,0,0,0,0,0,0,0,0,0,100
15000,1000,1000,1000,1000,0,0,0,0,0,0,0,0,0,0,0,0,100
15100,1000,1000,1000,1000,0,0,0,0,0,0,0,0,0,0,0,0,100
15200,1000,1000,1000,1000,0,0,0,0,0,0,0,0,0,0,0,0,100
15300,1000,1000,1000,1000,0,0,0,0,0,0,0,0,0,0,0,0,100
15400,1000,1000,1000,1000,0,0,0,0,0,0,0,0,0,0,0,0,100
15500,1000,1000,1000,1000,0,0,0,0,0,0,0,0,0,0,0,0,100
15600,1000,1000,1000,1000,0,0,0,0,0,0,0,0,0,0,0,0,100
15700,1000,1000,1000,1000,0,0,0,0,0,0,0,0,0,0,0,0,100
15800,1000,1000,1000,1000,0,0,0,0,0,0,0,0,0,0,0,0,100
15900,1000,1000,1000,1000,0,0,0,0,0,0,0,0,0,0,0,0,100
16000,1000,1000,1000,1000,0,0,0,0,0,0,0,0,0,0,0,0,100
16100,1000,1000,1000,1000,0,0,0,0,0,0,0,0,0,0,0,0,100
16200,1000,1000,1000,1000,0,0,0,0,0,0,0,0,0,0,0,0,100
16300,1000,1000,1000,1000,0,0,0,0,0,0,0,0,0,0,0,0,100
16400,1000,1000,1000,1000,0,0,0,0,0,0,0,0,0,0,0,0,100
16500,1000,1000,1000,1000,0,0,0,0,0,0,0,0,0,0,0,0,100
16600,1000,1000,1000,1000,0,0,0,0,0,0,0,0,0,0,0,0,100
16700,1000,1000,1000,1000,0,0,0,0,0,0,0,0,0,0,0,0,100
16800,1000,1000,1000,1000,0,0,0,0,0,0,0,0,0,0,0,0,100
16900,1000,1000,1000,1000,0,0,0,0,0,0,0,0,0,0,0,0,100
17000,1000,1000,1000,1000,0,0,0,0,0,0,0,0,0,0,0,0,100
17100,1000,1000,1000,1000,0,0,0,0,0,0,0,0,0,0,0,0,100
17200,1000,1000,1000,1000,0,0,0,0,0,0,0,0,0,0,0,0,100
17300,1000,1000,1000,1000,0,0,0,0,0,0,0,0,0,0,0,0,100
17400,1000,1000,1000,1000,0,0,0,0,0,0,0,0,0,0,0,0,100
17500,1000,1000,1000,1000,0,0,0,0,0,0,0,0,0,0,0,0,100
17600,1000,1000,1000,1000,0,0,0,0,0,0,0,0,0,0,0,0,100
17700,1000,1000,1000,1000,0,0,0,0,0,0,0,0,0,0,0,0,100
17800,1000,1000,1000,1000,0,0,0,0,0,0,0,0,0,0,0,0,100
17900,1000,1000,1000,1000,0,0,0,0,0,0,0,0,0,0,0,0,100
18000,1000,1000,1000,1000,0,0,0,0,0,0,0,0,0,0,0,0,100
18100,1000,1000,1000,1000,0,0,0,0,0,0,0,0,0,0,0,0,100
18200,1000,1000,1000,1000,0,0,0,0,0,0,0,0,0,0,0,0,100
18300,1000,1000,1000,1000,0,0,0,0,0,0,0,0,0,0,0,0,100
18400,1000,1000,1000,1000,0,0,0,0,0,0,0,0,0,0,0,0,100
18500,1000,1000,1000,1000,0,0,0,0,0,0,0,0,0,0,0,0,100
18600,1000,1000,1000,1000,0,0,0,0,0,0,0,0,0,0,0,0,100
18700,1000,1000,1000,1000,0,0,0,0,0,0,0,0,0,0,0,0,100
18800,1000,1000,1000,1000,0,0,0,0,0,0,0,0,0,0,0,0,100
18900,1000,1000,1000,1000,0,0,0,0,0,0,0,0,0,0,0,0,100
19000,1000,1000,1000,1000,0,0,0,0,0,0,0,0,0,0,0,0,100
19100,1000,1000,1000,1000,0,0,0,0,0,0,0,0,0,0,0,0,100
19200,1000,1000,1000,1000,0,0,0,0,0,0,0,0,0,0,0,0,100
19300,1000,1000,1000,1000,0,0,0,0,0,0,0,0,0,0,0,0,100
19400,1000,1000,1000,1000,0,0,0,0,0,0,0,0,0,0,0,0,100
19500,1000,1000,1000,1000,0,0,0,0,0,0,0,0,0,0,0,0,100
19600,1000,1000,1000,1000,0,0,0,0,0,0,0,0,0,0,0,0,100
19700,1000,1000,1000,1000,0,0,0,0,0,0,0,0,0,0,0,0,100
19800,1000,1000,1000,1000,0,0,0,0,0,0,0,0,0,0,0,0,100
19900,1000,1000,1000,1000,0,0,0,0,0,0,0,0,0,0,0,0,100
20000,1000,1000,1000,1000,0,0,0,0,0,0,0,0,0,0,0,0,100
20100,1000,1000,1000,1000,0,0,0,0,0,0,0,0,0,0,0,0,100
20200,1000,1000,1000,1000,0,0,0,0,0,0,0,0,0,0,0,0,100
20300,1000,1000,1000,1000,0,0,0,0,0,0,0,0,0,0,0,0,100
20400,1000,1000,1000,1000,0,0,0,0,0,0,0,0,0,0,0,0,100
20500,1000,1000,1000,1000,0,0,0,0,0,0,0,0,0,0,0,0,100
20600,1000,1000,1000,1000,0,0,0,0,0,0,0,0,0,0,0,0,100
20700,1000,1000,1000,1000,0,0,0,0,0,0,0,0,0,0,0,0,100
20800,1000,1000,1000,1000,0,0,0,0,0,0,0,0,0,0,0,0,100
20900,1000,1000,1000,1000,0,0,0,0,0,0,0,0,0,0,0,0,100
21000,1000,1000,1000,1000,0,0,0,0,0,0,0,0,0,0,0,0,100
21100,1000,1000,1000,1000,0,0,0,0,0,0,0,0,0,0,0,0,100
21200,1000,1000,1000,1000,0,0,0,0,0,0,0,0,0,0,0,0,100
21300,1000,1000,1000,1000,0,0,0,0,0,0,0,0,0,0,0,0,100
21400,1000,1000,1000,1000,0,0,0,0,0,0,0,0,0,0,0,0,100
21500,1000,1000,1000,1000,0,0,0,0,0,0,0,0,0,0,0,0,100
21600,1000,1000,1000,1000,0,0,0,0,0,0,0,0,0,0,0,0,100
21700,1000,1000,1000,1000,0,0,0,0,0,0,0,0,0,0,0,0,100
21800,1000,1000,1000,1000,0,0,0,0,0,0,0,0,0,0,0,0,100
21900,1000,1000,1000,1000,0,0,0,0,0,0,0,0,0,0,0,0,100
22000,1000,1000,1000,1000,0,0,0,0,0,0,0,0,0,0,0,0,100
22100,1000,1000,1000,1000,0,0,0,0,0,0,0,0,0,0,0,0,100
22200,1000,1000,1000,1000,0,0,0,0,0,0,0,0,0,0,0,0,100
22300,1000,1000,1000,1000,0,0,0,0,0,0,0,0,0,0,0,0,100
22400,1000,1000,1000,1000,0,0,0,0,0,0,0,0,0,0,0,0,100
22500,1000,1000,1000,1000,0,0,0,0,0,0,0,0,0,0,0,0,100
22600,1000,1000,1000,1000,0,0,0,0,0,0,0,0,0,0,0,0,100
22700,1000,1000,1000,1000,0,0,0,0,0,0,0,0,0,0,0,0,100
22800,1000,1000,1000,1000,0,0,0,0,0,0,0,0,0,0,0,0,100
22900,1000,1000,1000,1000,0,0,0,0,0,0,0,0,0,0,0,0,100
23000,1000,1000,1000,1000,0,0,0,0,0,0,0,0,0,0,0,0,100
23100,1000,1000,1000,1000,0,0,0,0,0,0,0,0,0,0,0,0,100
23200,1000,1000,1000,1000,0,0,0,0,0,0,0,0,0,0,0,0,100
23300,1000,1000,1000,1000,0,0,0,0,0,0,0,0,0,0,0,0,100
23400,1000,1000,1000,1000,0,0,0,0,0,0,0,0,0,0,0,0,100
23500,1000,1000,1000,1000,0,0,0,0,0,0,0,0,0,0,0,0,100
23600,1000,1000,1000,1000,0,0,0,0,0,0,0,0,0,0,0,0,100
23700,1000,1000,1000,1000,0,0,0,0,0,0,0,0,0,0,0,0,100
23800,1000,1000,1000,1000,0,0,0,0,0,0,0,0,0,0,0,0,100
23900,1000,1000,1000,1000,0,0,0,0,0,0,0,0,0,0,0,0,100
24000,1000,1000,1000,1000,0,0,0,0,0,0,0,0,0,0,0,0,100
24100,1000,1000,1000,1000,0,0,0,0,0,0,0,0,0,0,0,0,100
24200,1000,1000,1000,1000,0,0,0,0,0,0,0,0,0,0,0,0,100
24300,1000,1000,1000,1000,0,0,0,0,0,0,0,0,0,0,0,0,100
24400,1000,1000,1000,1000,0,0,0,0,0,0,0,0,0,0,0,0,100
24500,1000,1000,1000,1000,0,0,0,0,0,0,0,0,0,0,0,0,100
24600,1000,1000,1000,1000,0,0,0,0,0,0,0,0,0,0,0,0,100
24700,1000,1000,1000,1000,0,0,0,0,0,0,0,0,0,0,0,0,100
24800,1000,1000,1000,1000,0,0,0,0,0,0,0,0,0,0,0,0,100
24900,1000,1000,1000,1000,0,0,0,0,0,0,0,0,0,0,0,0,100
25000,1000,1000,1000,1000,0,0,0,0,0,0,0,0,0,0,0,0,100
25100,1000,1000,1000,1000,0,0,0,0,0,0,0,0,0,0,0,0,100
25200,1000,1000,1000,1000,0,0,0,0,0,0,0,0,0,0,0,0,100
25300,1000,1000,1000,1000,0,0,0,0,0,0,0,0,0,0,0,0,100
25400,1000,1000,1000,1000,0,0,0,0,0,0,0,0,0,0,0,0,100
25500,1000,1000,1000,1000,0,0,0,0,0,0,0,0,0,0,0,0,100
25600,1000,1000,1000,1000,0,0,0,0,0,0,0,0,0,0,0,0,100
25700,1000,1000,1000,1000,0,0,0,0,0,0,0,0,0,0,0,0,100
25800,1000,1000,1000,1000,0,0,0,0,0,0,0,0,0,0,0,0,100
25900,1000,1000,1000,1000,0,0,0,0,0,0,0,0,0,0,0,0,100
26000,1000,1000,1000,1000,0,0,0,0,0,0,0,0,0,0,0,0,100
26100,1000,1000,1000,1000,0,0,0,0,0,0,0,0,0,0,0,0,100
26200,1000,1000,1000,1000,0,0,0,0,0,0,0,0,0,0,0,0,100
26300,1000,1000,1000,1000,0,0,0,0,0,0,0,0,0,0,0,0,100
26400,1000,1000,1000,1000,0,0,0,0,0,0,0,0,0,0,0,0,100
26500,1000,1000,1000,1000,0,0,0,0,0,0,0,0,0,0,0,0,100
26600,1000,1000,1000,1000,0,0,0,0,0,0,0,0,0,0,0,0,100
26700,1000,1000,1000,1000,0,0,0,0,0,0,0,0,0,0,0,0,100
26800,1000,1000,1000,1000,0,0,0,0,0,0,0,0,0,0,0,0,100
26900,1000,1000,1000,1000,0,0,0,0,0,0,0,0,0,0,0,0,100
27000,1000,1000,1000,1000,0,0,0,0,0,0,0,0,0,0,0,0,100
27100,1000,1000,1000,1000,0,0,0,0,0,0,0,0,0,0,0,0,100
27200,1000,1000,1000,1000,0,0,0,0,0,0,0,0,0,0,0,0,100
27300,1000,1000,1000,1000,0,0,0,0,0,0,0,0,0,0,0,0,100
27400,1000,1000,1000,1000,0,0,0,0,0,0,0,0,0,0,0,0,100
27500,1000,1000,1000,1000,0,0,0,0,0,0,0,0,0,0,0,0,100
27600,1000,1000,1000,1000,0,0,0,0,0,0,0,0,0,0,0,0,100
27700,1000,1000,1000,1000,0,0,0,0,0,0,0,0,0,0,0,0,100
27800,1000,1000,1000,1000,0,0,0,0,0,0,0,0,0,0,0,0,100
27900,1000,1000,1000,1000,0,0,0,0,0,0,0,0,0,0,0,0,100
28000,1000,1000,1000,1000,0,0,0,0,0,0,0,0,0,0,0,0,100
28100,1000,1000,1000,1000,0,0,0,0,0,0,0,0,0,0,0,0,100
28200,1000,1000,1000,1000,0,0,0,0,0,0,0,0,0,0,0,0,100
28300,1000,1000,1000,1000,0,0,0,0,0,0,0,0,0,0,0,0,100
28400,1000,1000,1000,1000,0,0,0,0,0,0,0,0,0,0,0,0,100
28500,1000,1000,1000,1000,0,0,0,0,0,0,0,0,0,0,0,0,100
28600,1000,1000,1000,1000,0,0,0,0,0,0,0,0,0,0,0,0,100
28700,1000,1000,1000,1000,0,0,0,0,0,0,0,0,0,0,0,0,100
28800,1000,1000,1000,1000,0,0,0,0,0,0,0,0,0,0,0,0,100
28900,1000,1000,1000,1000,0,0,0,0,0,0,0,0,0,0,0,0,100
29000,1000,1000,1000,1000,0,0,0,0,0,0,0,0,0,0,0,0,100
29100,1000,1000,1000,1000,0,0,0,0,0,0,0,0,0,0,0,0,100
29200,1000,1000,1000,1000,0,0,0,0,0,0,0,0,0,0,0,0,100
29300,1000,1000,1000,1000,0,0,0,0,0,0,0,0,0,0,0,0,100
29400,1000,1000,1000,1000,0,0,0,0,0,0,0,0,0,0,0,0,100
29500,1000,1000,1000,1000,0,0,0,0,0,0,0,0,0,0,0,0,100
29600,1000,1000,1000,1000,0,0,0,0,0,0,0,0,0,0,0,0,100
29700,1000,1000,1000,1000,0,0,0,0,0,0,0,0,0,0,0,0,100
29800,1000,1000,1000,1000,0,0,0,0,0,0,0,0,0,0,0,0,100
29900,1000,1000,1000,1000,0,0,0,0,0,0,0,0,0,0,0,0,100
30000,1000,1000,1000,1000,0,0,0,0,0,0,0,0,0,0,0,0,100
30100,1000,1000,1000,1000,0,0,0,0,0,0,0,0,0,0,0,0,100
30200,1000,1000,1000,1000,0,0,0,0,0,0,0,0,0,0,0,0,100
30300,1000,1000,1000,1000,0,0,0,0,0,0,0,0,0,0,0,0,100
30400,1000,1000,1000,1000,0,0,0,0,0,0,0,0,0,0,0,0,100
30500,1000,1000,1000,1000,0,0,0,0,0,0,0,0,0,0,0,0,100
30600,1000,1000,1000,1000,0,0,0,0,0,0,0,0,0,0,0,0,100
30700,1000,1000,1000,1000,0,0,0,0,0,0,0,0,0,0,0,0,100
30800,1000,1000,1000,1000,0,0,0,0,0,0,0,0,0,0,0,0,100
30900,1000,1000,1000,1000,0,0,0,0,0,0,0,0,0,0,0,0,100
31000,1000,1000,1000,1000,0,0,0,0,0,0,0,0,0,0,0,0,100
31100,1000,1000,1000,1000,0,0,0,0,0,0,0,0,0,0,0,0,100
31200,1000,1000,1000,1000,0,0,0,0,0,0,0,0,0,0,0,0,100
31300,1000,1000,1000,1000,0,0,0,0,0,0,0,0,0,0,0,0,100
31400,1000,1000,1000,1000,0,0,0,0,0,0,0,0,0,0,0,0,100
31500,1000,1000,1000,1000,0,0,0,0,0,0,0,0,0,0,0,0,100
31600,1000,1000,1000,1000,0,0,0,0,0,0,0,0,0,0,0,0,100
31700,1000,1000,1000,1000,0,0,0,0,0,0,0,0,0,0,0,0,100
31800,1000,1000,1000,1000,0,0,0,0,0,0,0,0,0,0,0,0,100
31900,1000,1000,1000,1000,0,0,0,0,0,0,0,0,0,0,0,0,100
32000,1000,1000,1000,1000,0,0,0,0,0,0,0,0,0,0,0,0,100
32100,1000,1000,1000,1000,0,0,0,0,0,0,0,0,0,0,0,0,100
32200,1000,1000,1000,1000,0,0,0,0,0,0,0,0,0,0,0,0,100
32300,1000,1000,1000,1000,0,0,0,0,0,0,0,0,0,0,0,0,100
32400,1000,1000,1000,1000,0,0,0,0,0,0,0,0,0,0,0,0,100
32500,1000,1000,1000,1000,0,0,0,0,0,0,0,0,0,0,0,0,100
32600,1000,1000,1000,1000,0,0,0,0,0,0,0,0,0,0,0,0,100
32700,1000,1000,1000,1000,0,0,0,0,0,0,0,0,0,0,0,0,100
32800,1000,1000,1000,1000,0,0,0,0,0,0,0,0,0,0,0,0,100
32900,1000,1000,1000,1000,0,0,0,0,0,0,0,0,0,0,0,0,100
33000,1000,1000,1000,1000,0,0,0,0,0,0,0,0,0,0,0,0,100
33100,1000,1000,1000,1000,0,0,0,0,0,0,0,0,0,0,0,0,100
33200,1000,1000,1000,1000,0,0,0,0,0,0,0,0,0,0,0,0,100
33300,1000,1000,1000,1000,0,0,0,0,0,0,0,0,0,0,0,0,100
33400,1000,1000,1000,1000,0,0,0,0,0,0,0,0,0,0,0,0,100
33500,1000,1000,1000,1000,0,0,0,0,0,0,0,0,0,0,0,0,100
33600,1000,1000,1000,1000,0,0,0,0,0,0,0,0,0,0,0,0,100
33700,1000,1000,1000,1000,0,0,0,0,0,0,0,0,0,0,0,0,100
33800,1000,1000,1000,1000,0,0,0,0,0,0,0,0,0,0,0,0,100
33900,1000,1000,1000,1000,0,0,0,0,0,0,0,0,0,0,0,0,100
34000,1000,1000,1000,1000,0,0,0,0,0,0,0,0,0,0,0,0,100
34100,1000,1000,1000,1000,0,0,0,0,0,0,0,0,0,0,0,0,100
34200,1000,1000,1000,1000,0,0,0,0,0,0,0,0,0,0,0,0,100
34300,1000,1000,1000,1000,0,0,0,0,0,0,0,0,0,0,0,0,100
34400,1000,1000,1000,1000,0,0,0,0,0,0,0,0,0,0,0,0,100
34500,1000,1000,1000,1000,0,0,0,0,0,0,0,0,0,0,0,0,100
34600,1000,1000,1000,1000,0,0,0,0,0,0,0,0,0,0,0,0,100
34700,1000,1000,1000,1000,0,0,0,0,0,0,0,0,0,0,0,0,100
34800,1000,1000,1000,1000,0,0,0,0,0,0,0,0,0,0,0,0,100
34900,1000,1000,1000,1000,0,0,0,0,0,0,0,0,0,0,0,0,100
35000,1000,1000,1000,1000,0,0,0,0,0,0,0,0,0,0,0,0,100
35100,1000,1000,1000,1000,0,0,0,0,0,0,0,0,0,0,0,0,100
35200,1000,1000,1000,1000,0,0,0,0,0,0,0,0,0,0,0,0,100
35300,1000,1000,1000,1000,0,0,0,0,0,0,0,0,0,0,0,0,100
35400,1000,1000,1000,1000,0,0,0,0,0,0,0,0,0,0,0,0,100
35500,1000,1000,1000,1000,0,0,0,0,0,0,0,0,0,0,0,0,100
35600,1000,1000,1000,1000,0,0,0,0,0,0,0,0,0,0,0,0,100
35700,1000,1000,1000,1000,0,0,0,0,0,0,0,0,0,0,0,0,100
35800,1000,1000,1000,1000,0,0,0,0,0,0,0,0,0,0,0,0,100
35900,1000,1000,1000,1000,0,0,0,0,0,0,0,0,0,0,0,0,100
36000,1000,1000,1000,1000,0,0,0,0,0,0,0,0,0,0,0,0,100
36100,1000,1000,1000,1000,0,0,0,0,0,0,0,0,0,0,0,0,100
36200,1000,1000,1000,1000,0,0,0,0,0,0,0,0,0,0,0,0,100
36300,1000,1000,1000,1000,0,0,0,0,0,0,0,0,0,0,0,0,100
36400,1000,1000,1000,1000,0,0,0,0,0,0,0,0,0,0,0,0,100
36500,1000,1000,1000,1000,0,0,0,0,0,0,0,0,0,0,0,0,100
36600,1000,1000,1000,1000,0,0,0,0,0,0,0,0,0,0,0,0,100
36700,1000,1000,1000,1000,0,0,0,0,0,0,0,0,0,0,0,0,100
36800,1000,1000,1000,1000,0,0,0,0,0,0,0,0,0,0,0,0,100
36900,1000,1000,1000,1000,0,0,0,0,0,0,0,0,0,0,0,0,100
37000,1000,1000,1000,1000,0,0,0,0,0,0,0,0,0,0,0,0,100
37100,1000,1000,1000,1000,0,0,0,0,0,0,0,0,0,0,0,0,100
37200,1000,1000,1000,1000,0,0,0,0,0,0,0,0,0,0,0,0,100
37300,1000,1000,1000,1000,0,0,0,0,0,0,0,0,0,0,0,0,100
37400,1000,1000,1000,1000,0,0,0,0,0,0,0,0,0,0,0,0,100
37500,1000,1000,1000,1000,0,0,0,0,0,0,0,0,0,0,0,0,100
37600,1000,1000,1000,1000,0,0,0,0,0,0,0,0,0,0,0,0,100
37700,1000,1000,1000,1000,0,0,0,0,0,0,0,0,0,0,0,0,100
37800,1000,1000,1000,1000,0,0,0,0,0,0,0,0,0,0,0,0,100
37900,1000,1000,1000,1000,0,0,0,0,0,0,0,0,0,0,0,0,100
38000,1000,1000,1000,1000,0,0,0,0,0,0,0,0,0,0,0,0,100
38100,1000,1000,1000,1000,0,0,0,0,0,0,0,0,0,0,0,0,100
38200,1000,1000,1000,1000,0,0,0,0,0,0,0,0,0,0,0,0,100
38300,1000,1000,1000,1000,0,0,0,0,0,0,0,0,0,0,0,0,100
38400,1000,1000,1000,1000,0,0,0,0,0,0,0,0,0,0,0,0,100
38500,1000,1000,1000,1000,0,0,0,0,0,0,0,0,0,0,0,0,100
38600,1000,1000,1000,1000,0,0,0,0,0,0,0,0,0,0,0,0,100
38700,1000,1000,1000,1000,0,0,0,0,0,0,0,0,0,0,0,0,100
38800,1000,1000,1000,1000,0,0,0,0,0,0,0,0,0,0,0,0,100
38900,1000,1000,1000,1000,0,0,0,0,0,0,0,0,0,0,0,0,100
39000,1000,1000,1000,1000,0,0,0,0,0,0,0,0,0,0,0,0,100
39100,1000,1000,1000,1000,0,0,0,0,0,0,0,0,0,0,0,0,100
39200,1000,1000,1000,1000,0,0,0,0,0,0,0,0,0,0,0,0,100
39300,1000,1000,1000,1000,0,0,0,0,0,0,0,0,0,0,0,0,100
39400,1000,1000,1000,1000,0,0,0,0,0,0,0,0,0,0,0,0,100
39500,1000,1000,1000,1000,0,0,0,0,0,0,0,0,0,0,0,0,100
39600,1000,1000,1000,1000,0,0,0,0,0,0,0,0,0,0,0,0,100
39700,1000,1000,1000,1000,0,0,0,0,0,0,0,0,0,0,0,0,100
39800,1000,1000,1000,1000,0,0,0,0,0,0,0,0,0,0,0,0,100
39900,1000,1000,1000,1000,0,0,0,0,0,0,0,0,0,0,0,0,100
40000,1000,1000,1000,1000,0,0,0,0,0,0,0,0,0,0,0,0,100
40100,1000,1000,1000,1000,0,0,0,0,0,0,0,0,0,0,0,0,100
40200,1000,1000,1000,1000,0,0,0,0,0,0,0,0,0,0,0,0,100
40300,1000,1000,1000,1000,0,0,0,0,0,0,0,0,0,0,0,0,100
40400,1000,1000,1000,1000,0,0,0,0,0,0,0,0,0,0,0,0,100
40500,1000,1000,1000,1000,0,0,0,0,0,0,0,0,0,0,0,0,100
40600,1000,1000,1000,1000,0,0,0,0,0,0,0,0,0,0,0,0,100
40700,1000,1000,1000,1000,0,0,0,0,0,0,0,0,0,0,0,0,100
40800,1000,1000,1000,1000,0,0,0,0,0,0,0,0,0,0,0,0,100
40900,1000,1000,1000,1000,0,0,0,0,0,0,0,0,0,0,0,0,100
41000,1000,1000,1000,1000,0,0,0,0,0,0,0,0,0,0,0,0,100
41100,1000,1000,1000,1000,0,0,0,0,0,0,0,0,0,0,0,0,100
41200,1000,1000,1000,1000,0,0,0,0,0,0,0,0,0,0,0,0,100
41300,1000,1000,1000,1000,0,0,0,0,0,0,0,0,0,0,0,0,100
41400,1000,1000,1000,1000,0,0,0,0,0,0,0,0,0,0,0,0,100
41500,1000,1000,1000,1000,0,0,0,0,0,0,0,0,0,0,0,0,100
41600,1000,1000,1000,1000,0,0,0,0,0,0,0,0,0,0,0,0,100
41700,1000,1000,1000,1000,0,0,0,0,0,0,0,0,0,0,0,0,100
41800,1000,1000,1000,1000,0,0,0,0,0,0,0,0,0,0,0,0,100
41900,1000,1000,1000,1000,0,0,0,0,0,0,0,0,0,0,0,0,100
42000,1000,1000,1000,1000,0,0,0,0,0,0,0,0,0,0,0,0,100
42100,1000,1000,1000,1000,0,0,0,0,0,0,0,0,0,0,0,0,100
42200,1000,1000,1000,1000,0,0,0,0,0,0,0,0,0,0,0,0,100
42300,1000,1000,1000,1000,0,0,0,0,0,0,0,0,0,0,0,0,100
42400,1000,1000,1000,1000,0,0,0,0,0,0,0,0,0,0,0,0,100
42500,1000,1000,1000,1000,0,0,0,0,0,0,0,0,0,0,0,0,100
42600,1000,1000,1000,1000,0,0,0,0,0,0,0,0,0,0,0,0,100
42700,1000,1000,1000,1000,0,0,0,0,0,0,0,0,0,0,0,0,100
42800,1000,1000,1000,1000,0,0,0,0,0,0,0,0,0,0,0,0,100
42900,1000,1000,1000,1000,0,0,0,0,0,0,0,0,0,0,0,0,100
43000,1000,1000,1000,1000,0,0,0,0,0,0,0,0,0,0,0,0,100
43100,1000,1000,1000,1000,0,0,0,0,0,0,0,0,0,0,0,0,100
43200,1000,1000,1000,1000,0,0,0,0,0,0,0,0,0,0,0,0,100
43300,1000,1000,1000,1000,0,0,0,0,0,0,0,0,0,0,0,0,100
43400,1000,1000,1000,1000,0,0,0,0,0,0,0,0,0,0,0,0,100
43500,1000,1000,1000,1000,0,0,0,0,0,0,0,0,0,0,0,0,100
43600,1000,1000,1000,1000,0,0,0,0,0,0,0,0,0,0,0,0,100
43700,1000,1000,1000,1000,0,0,0,0,0,0,0,0,0,0,0,0,100
43800,1000,1000,1000,1000,0,0,0,0,0,0,0,0,0,0,0,0,100
43900,1000,1000,1000,1000,0,0,0,0,0,0,0,0,0,0,0,0,100
44000,1000,1000,1000,1000,0,0,0,0,0,0,0,0,0,0,0,0,100
44100,1000,1000,1000,1000,0,0,0,0,0,0,0,0,0,0,0,0,100
44200,1000,1000,1000,1000,0,0,0,0,0,0,0,0,0,0,0,0,100
44300,1000,1000,1000,1000,0,0,0,0,0,0,0,0,0,0,0,0,100
44400,1000,1000,1000,1000,0,0,0,0,0,0,0,0,0,0,0,0,100
44500,1000,1000,1000,1000,0,0,0,0,0,0,0,0,0,0,0,0,100
44600,1000,1000,1000,1000,0,0,0,0,0,0,0,0,0,0,0,0,100
44700,1000,1000,1000,1000,0,0,0,0,0,0,0,0,0,0,0,0,100
44800,1000,1000,1000,1000,0,0,0,0,0,0,0,0,0,0,0,0,100
44900,1000,1000,1000,1000,0,0,0,0,0,0,0,0,0,0,0,0,100
45000,1000,1000,1000,1000,0,0,0,0,0,0,0,0,0,0,0,0,100
45100,1000,1000,1000,1000,0,0,0,0,0,0,0,0,0,0,0,0,100
45200,1000,1000,1000,1000,0,0,0,0,0,0,0,0,0,0,0,0,100
45300,1000,1000,1000,1000,0,0,0,0,0,0,0,0,0,0,0,0,100
45400,1000,1000,1000,1000,0,0,0,0,0,0,0,0,0,0,0,0,100
45500,1000,1000,1000,1000,0,0,0,0,0,0,0,0,0,0,0,0,100
45600,1000,1000,1000,1000,0,0,0,0,0,0,0,0,0,0,0,0,100
45700,1000,1000,1000,1000,0,0,0,0,0,0,0,0,0,0,0,0,100
45800,1000,1000,1000,1000,0,0,0,0,0,0,0,0,0,0,0,0,100
45900,1000,1000,1000,1000,0,0,0,0,0,0,0,0,0,0,0,0,100
46000,1000,1000,1000,1000,0,0,0,0,0,0,0,0,0,0,0,0,100
46100,1000,1000,1000,1000,0,0,0,0,0,0,0,0,0,0,0,0,100
46200,1000,1000,1000,1000,0,0,0,0,0,0,0,0,0,0,0,0,100
46300,1000,1000,1000,1000,0,0,0,0,0,0,0,0,0,0,0,0,100
46400,1000,1000,1000,1000,0,0,0,0,0,0,0,0,0,0,0,0,100
46500,1000,1000,1000,1000,0,0,0,0,0,0,0,0,0,0,0,0,100
46600,1000,1000,1000,1000,0,0,0,0,0,0,0,0,0,0,0,0,100
46700,1000,1000,1000,1000,0,0,0,0,0,0,0,0,0,0,0,0,100
46800,1000,1000,1000,1000,0,0,0,0,0,0,0,0,0,0,0,0,100
46900,1000,1000,1000,1000,0,0,0,0,0,0,0,0,0,0,0,0,100
47000,1000,1000,1000,1000,0,0,0,0,0,0,0,0,0,0,0,0,100
47100,1000,1000,1000,1000,0,0,0,0,0,0,0,0,0,0,0,0,100
47200,1000,1000,1000,1000,0,0,0,0,0,0,0,0,0,0,0,0,100
47300,1000,1000,1000,1000,0,0,0,0,0,0,0,0,0,0,0,0,100
47400,1000,1000,1000,1000,0,0,0,0,0,0,0,0,0,0,0,0,100
47500,1000,1000,1000,1000,0,0,0,0,0,0,0,0,0,0,0,0,100
47600,1000,1000,1000,1000,0,0,0,0,0,0,0,0,0,0,0,0,100
47700,1000,1000,1000,1000,0,0,0,0,0,0,0,0,0,0,0,0,100
47800,1000,1000,1000,1000,0,0,0,0,0,0,0,0,0,0,0,0,100
47900,1000,1000,1000,1000,0,0,0,0,0,0,0,0,0,0,0,0,100
48000,1000,1000,1000,1000,0,0,0,0,0,0,0,0,0,0,0,0,100
48100,1000,1000,1000,1000,0,0,0,0,0,0,0,0,0,0,0,0,100
48200,1000,1000,1000,1000,0,0,0,0,0,0,0,0,0,0,0,0,100
48300,1000,1000,1000,1000,0,0,0,0,0,0,0,0,0,0,0,0,100
48400,1000,1000,1000,1000,0,0,0,0,0,0,0,0,0,0,0,0,100
48500,1000,1000,1000,1000,0,0,0,0,0,0,0,0,0,0,0,0,100
48600,1000,1000,1000,1000,0,0,0,0,0,0,0,0,0,0,0,0,100
48700,1000,1000,1000,1000,0,0,0,0,0,0,0,0,0,0,0,0,100
48800,1000,1000,1000,1000,0,0,0,0,0,0,0,0,0,0,0,0,100
48900,1000,1000,1000,1000,0,0,0,0,0,0,0,0,0,0,0,0,100
49000,1000,1000,1000,1000,0,0,0,0,0,0,0,0,0,0,0,0,100
49100,1000,1000,1000,1000,0,0,0,0,0,0,0,0,0,0,0,0,100
49200,1000,1000,1000,1000,0,0,0,0,0,0,0,0,0,0,0,0,100
49300,1000,1000,1000,1000,0,0,0,0,0,0,0,0,0,0,0,0,100
49400,1000,1000,1000,1000,0,0,0,0,0,0,0,0,0,0,0,0,100
49500,1000,1000,1000,1000,0,0,0,0,0,0,0,0,0,0,0,0,100
49600,1000,1000,1000,1000,0,0,0,0,0,0,0,0,0,0,0,0,100
49700,1000,1000,1000,1000,0,0,0,0,0,0,0,0,0,0,0,0,100
49800,1000,1000,1000,1000,0,0,0,0,0,0,0,0,0,0,0,0,100
49900,1000,1000,1000,1000,0,0,0,0,0,0,0,0,0,0,0,0,100
50000,1000,1000,1000,1000,0,0,0,0,0,0,0,0,0,0,0,0,100
50100,1000,1000,1000,1000,0,0,0,0,0,0,0,0,0,0,0,0,100
50200,1000,1000,1000,1000,0,0,0,0,0,0,0,0,0,0,0,0,100
50300,1000,1000,1000,1000,0,0,0,0,0,0,0,0,0,0,0,0,100
50400,1000,1000,1000,1000,0,0,0,0,0,0,0,0,0,0,0,0,100
50500,1000,1000,1000,1000,0,0,0,0,0,0,0,0,0,0,0,0,100
50600,1000,1000,1000,1000,0,0,0,0,0,0,0,0,0,0,0,0,100
50700,1000,1000,1000,1000,0,0,0,0,0,0,0,0,0,0,0,0,100
50800,1000,1000,1000,1000,0,0,0,0,0,0,0,0,0,0,0,0,100
50900,1000,1000,1000,1000,0,0,0,0,0,0,0,0,0,0,0,0,100
51000,1000,1000,1000,1000,0,0,0,0,0,0,0,0,0,0,0,0,100
51100,1000,1000,1000,1000,0,0,0,0,0,0,0,0,0,0,0,0,100
51200,1000,1000,1000,1000,0,0,0,0,0,0,0,0,0,0,0,0,100
51300,1000,1000,1000,1000,0,0,0,0,0,0,0,0,0,0,0,0,100
51400,1000,1000,1000,1000,0,0,0,0,0,0,0,0,0,0,0,0,100
51500,1000,1000,1000,1000,0,0,0,0,0,0,0,0,0,0,0,0,100
51600,1000,1000,1000,1000,0,0,0,0,0,0,0,0,0,0,0,0,100
51700,1000,1000,1000,1000,0,0,0,0,0,0,0,0,0,0,0,0,100
51800,1000,1000,1000,1000,0,0,0,0,0,0,0,0,0,0,0,0,100
51900,1000,1000,1000,1000,0,0,0,0,0,0,0,0,0,0,0,0,100
52000,1000,1000,1000,1000,0,0,0,0,0,0,0,0,0,0,0,0,100
52100,1000,1000,1000,1000,0,0,0,0,0,0,0,0,0,0,0,0,100
52200,1000,1000,1000,1000,0,0,0,0,0,0,0,0,0,0,0,0,100
52300,1000,1000,1000,1000,0,0,0,0,0,0,0,0,0,0,0,0,100
52400,1000,1000,1000,1000,0,0,0,0,0,0,0,0,0,0,0,0,100
52500,1000,1000,1000,1000,0,0,0,0,0,0,0,0,0,0,0,0,100
52600,1000,1000,1000,1000,0,0,0,0,0,0,0,0,0,0,0,0,100
52700,1000,1000,1000,1000,0,0,0,0,0,0,0,0,0,0,0,0,100
52800,1000,1000,1000,1000,0,0,0,0,0,0,0,0,0,0,0,0,100
52900,1000,1000,1000,1000,0,0,0,0,0,0,0,0,0,0,0,0,100
53000,1000,1000,1000,1000,0,0,0,0,0,0,0,0,0,0,0,0,100
53100,1000,1000,1000,1000,0,0,0,0,0,0,0,0,0,0,0,0,100
53200,1000,1000,1000,1000,0,0,0,0,0,0,0,0,0,0,0,0,100
53300,1000,1000,1000,1000,0,0,0,0,0,0,0,0,0,0,0,0,100
53400,1000,1000,1000,1000,0,0,0,0,0,0,0,0,0,0,0,0,100
53500,1000,1000,1000,1000,0,0,0,0,0,0,0,0,0,0,0,0,100
53600,1000,1000,1000,1000,0,0,0,0,0,0,0,0,0,0,0,0,100
53700,1000,1000,1000,1000,0,0,0,0,0,0,0,0,0,0,0,0,100
53800,1000,1000,1000,1000,0,0,0,0,0,0,0,0,0,0,0,0,100
53900,1000,1000,1000,1000,0,0,0,0,0,0,0,0,0,0,0,0,100
54000,1000,1000,1000,1000,0,0,0,0,0,0,0,0,0,0,0,0,100
54100,1000,1000,1000,1000,0,0,0,0,0,0,0,0,0,0,0,0,100
54200,1000,1000,1000,1000,0,0,0,0,0,0,0,0,0,0,0,0,100
54300,1000,1000,1000,1000,0,0,0,0,0,0,0,0,0,0,0,0,100
54400,1000,1000,1000,1000,0,0,0,0,0,0,0,0,0,0,0,0,100
54500,1000,1000,1000,1000,0,0,0,0,0,0,0,0,0,0,0,0,100
54600,1000,1000,1000,1000,0,0,0,0,0,0,0,0,0,0,0,0,100
54700,1000,1000,1000,1000,0,0,0,0,0,0,0,0,0,0,0,0,100
54800,1000,1000,1000,1000,0,0,0,0,0,0,0,0,0,0,0,0,100
54900,1000,1000,1000,1000,0,0,0,0,0,0,0,0,0,0,0,0,100
55000,1000,1000,1000,1000,0,0,0,0,0,0,0,0,0,0,0,0,100
55100,1000,1000,1000,1000,0,0,0,0,0,0,0,0,0,0,0,0,100
55200,1000,1000,1000,1000,0,0,0,0,0,0,0,0,0,0,0,0,100
55300,1000,1000,1000,1000,0,0,0,0,0,0,0,0,0,0,0,0,100
55400,1000,1000,1000,1000,0,0,0,0,0,0,0,0,0,0,0,0,100
55500,1000,1000,1000,1000,0,0,0,0,0,0,0,0,0,0,0,0,100
55600,1000,1000,1000,1000,0,0,0,0,0,0,0,0,0,0,0,0,100
55700,1000,1000,1000,1000,0,0,0,0,0,0,0,0,0,0,0,0,100
55800,1000,1000,1000,1000,0,0,0,0,0,0,0,0,0,0,0,0,100
55900,1000,1000,1000,1000,0,0,0,0,0,0,0,0,0,0,0,0,100
56000,1000,1000,1000,1000,0,0,0,0,0,0,0,0,0,0,0,0,100
56100,1000,1000,1000,1000,0,0,0,0,0,0,0,0,0,0,0,0,100
56200,1000,1000,1000,1000,0,0,0,0,0,0,0,0,0,0,0,0,100
56300,1000,1000,1000,1000,0,0,0,0,0,0,0,0,0,0,0,0,100
56400,1000,1000,1000,1000,0,0,0,0,0,0,0,0,0,0,0,0,100
56500,1000,1000,1000,1000,0,0,0,0,0,0,0,0,0,0,0,0,100
56600,1000,1000,1000,1000,0,0,0,0,0,0,0,0,0,0,0,0,100
56700,1000,1000,1000,1000,0,0,0,0,0,0,0,0,0,0,0,0,100
56800,1000,1000,1000,1000,0,0,0,0,0,0,0,0,0,0,0,0,100
56900,1000,1000,1000,1000,0,0,0,0,0,0,0,0,0,0,0,0,100
57000,1000,1000,1000,1000,0,0,0,0,0,0,0,0,0,0,0,0,100
57100,1000,1000,1000,1000,0,0,0,0,0,0,0,0,0,0,0,0,100
57200,1000,1000,1000,1000,0,0,0,0,0,0,0,0,0,0,0,0,100
57300,1000,1000,1000,1000,0,0,0,0,0,0,0,0,0,0,0,0,100
57400,1000,1000,1000,1000,0,0,0,0,0,0,0,0,0,0,0,0,100
57500,1000,1000,1000,1000,0,0,0,0,0,0,0,0,0,0,0,0,100
57600,1000,1000,1000,1000,0,0,0,0,0,0,0,0,0,0,0,0,100
57700,1000,1000,1000,1000,0,0,0,0,0,0,0,0,0,0,0,0,100
57800,1000,1000,1000,1000,0,0,0,0,0,0,0,0,0,0,0,0,100
57900,1000,1000,1000,1000,0,0,0,0,0,0,0,0,0,0,0,0,100
58000,1000,1000,1000,1000,0,0,0,0,0,0,0,0,0,0,0,0,100
58100,1000,1000,1000,1000,0,0,0,0,0,0,0,0,0,0,0,0,100
58200,1000,1000,1000,1000,0,0,0,0,0,0,0,0,0,0,0,0,100
58300,1000,1000,1000,1000,0,0,0,0,0,0,0,0,0,0,0,0,100
58400,1000,1000,1000,1000,0,0,0,0,0,0,0,0,0,0,0,0,100
58500,1000,1000,1000,1000,0,0,0,0,0,0,0,0,0,0,0,0,100
58600,1000,1000,1000,1000,0,0,0,0,0,0,0,0,0,0,0,0,100
58700,1000,1000,1000,1000,0,0,0,0,0,0,0,0,0,0,0,0,100
58800,1000,1000,1000,1000,0,0,0,0,0,0,0,0,0,0,0,0,100
58900,1000,1000,1000,1000,0,0,0,0,0,0,0,0,0,0,0,0,100
59000,1000,1000,1000,1000,0,0,0,0,0,0,0,0,0,0,0,0,100
59100,1000,1000,1000,1000,0,0,0,0,0,0,0,0,0,0,0,0,100
59200,1000,1000,1000,1000,0,0,0,0,0,0,0,0,0,0,0,0,100
59300,1000,1000,1000,1000,0,0,0,0,0,0,0,0,0,0,0,0,100
59400,1000,1000,1000,1000,0,0,0,0,0,0,0,0,0,0,0,0,100
59500,1000,1000,1000,1000,0,0,0,0,0,0,0,0,0,0,0,0,100
59600,1000,1000,1000,1000,0,0,0,0,0,0,0,0,0,0,0,0,100
59700,1000,1000,1000,1000,0,0,0,0,0,0,0,0,0,0,0,0,100
59800,1000,1000,1000,1000,0,0,0,0,0,0,0,0,0,0,0,0,100
59900,1000,1000,1000,1000,0,0,0,0,0,0,0,0,0,0,0,0,100
60000,1000,1000,1000,1000,0,0,0,0,0,0,0,0,0,0,0,0,100
60100,1000,1000,1000,1000,0,0,0,0,0,0,0,0,0,0,0,0,100
60200,1000,1000,1000,1000,0,0,0,0,0,0,0,0,0,0,0,0,100
60300,1000,1000,1000,1000,0,0,0,0,0,0,0,0,0,0,0,0,100
60400,1000,1000,1000,1000,0,0,0,0,0,0,0,0,0,0,0,0,100
60500,1000,1000,1000,1000,0,0,0,0,0,0,0,0,0,0,0,0,100
60600,1000,1000,1000,1000,0,0,0,0,0,0,0,0,0,0,0,0,100
60700,1000,1000,1000,1000,0,0,0,0,0,0,0,0,0,0,0,0,100
60800,1000,1000,1000,1000,0,0,0,0,0,0,0,0,0,0,0,0,100
60900,1000,1000,1000,1000,0,0,0,0,0,0,0,0,0,0,0,0,100
61000,1000,1000,1000,1000,0,0,0,0,0,0,0,0,0,0,0,0,100
61100,1000,1000,1000,1000,0,0,0,0,0,0,0,0,0,0,0,0,100
61200,1000,1000,1000,1000,0,0,0,0,0,0,0,0,0,0,0,0,100
61300,1000,1000,1000,1000,0,0,0,0,0,0,0,0,0,0,0,0,100
61400,1000,1000,1000,1000,0,0,0,0,0,0,0,0,0,0,0,0,100
61500,1000,1000,1000,1000,0,0,0,0,0,0,0,0,0,0,0,0,100
61600,1000,1000,1000,1000,0,0,0,0,0,0,0,0,0,0,0,0,100
61700,1000,1000,1000,1000,0,0,0,0,0,0,0,0,0,0,0,0,100
61800,1000,1000,1000,1000,0,0,0,0,0,0,0,0,0,0,0,0,100
61900,1000,1000,1000,1000,0,0,0,0,0,0,0,0,0,0,0,0,100
62000,1000,1000,1000,1000,0,0,0,0,0,0,0,0,0,0,0,0,100
62100,1000,1000,1000,1000,0,0,0,0,0,0,0,0,0,0,0,0,100
62200,1000,1000,1000,1000,0,0,0,0,0,0,0,0,0,0,0,0,100
62300,1000,1000,1000,1000,0,0,0,0,0,0,0,0,0,0,0,0,100
62400,1000,1000,1000,1000,0,0,0,0,0,0,0,0,0,0,0,0,100
62500,1000,1000,1000,1000,0,0,0,0,0,0,0,0,0,0,0,0,100
62600,1000,1000,1000,1000,0,0,0,0,0,0,0,0,0,0,0,0,100
62700,1000,1000,1000,1000,0,0,0,0,0,0,0,0,0,0,0,0,100
62800,1000,1000,1000,1000,0,0,0,0,0,0,0,0,0,0,0,0,100
62900,1000,1000,1000,1000,0,0,0,0,0,0,0,0,0,0,0,0,100
63000,1000,1000,1000,1000,0,0,0,0,0,0,0,0,0,0,0,0,100
63100,1000,1000,1000,1000,0,0,0,0,0,0,0,0,0,0,0,0,100
63200,1000,1000,1000,1000,0,0,0,0,0,0,0,0,0,0,0,0,100
63300,1000,1000,1000,1000,0,0,0,0,0,0,0,0,0,0,0,0,100
63400,1000,1000,1000,1000,0,0,0,0,0,0,0,0,0,0,0,0,100
63500,1000,1000,1000,1000,0,0,0,0,0,0,0,0,0,0,0,0,100
63600,1000,1000,1000,1000,0,0,0,0,0,0,0,0,0,0,0,0,100
63700,1000,1000,1000,1000,0,0,0,0,0,0,0,0,0,0,0,0,100
63800,1000,1000,1000,1000,0,0,0,0,0,0,0,0,0,0,0,0,100
63900,1000,1000,1000,1000,0,0,0,0,0,0,0,0,0,0,0,0,100
64000,1000,1000,1000,1000,0,0,0,0,0,0,0,0,0,0,0,0,100
64100,1000,1000,1000,1000,0,0,0,0,0,0,0,0,0,0,0,0,100
64200,1000,1000,1000,1000,0,0,0,0,0,0,0,0,0,0,0,0,100
64300,1000,1000,1000,1000,0,0,0,0,0,0,0,0,0,0,0,0,100
64400,1000,1000,1000,1000,0,0,0,0,0,0,0,0,0,0,0,0,100
64500,1000,1000,1000,1000,0,0,0,0,0,0,0,0,0,0,0,0,100
64600,1000,1000,1000,1000,0,0,0,0,0,0,0,0,0,0,0,0,100
64700,1000,1000,1000,1000,0,0,0,0,0,0,0,0,0,0,0,0,100
64800,1000,1000,1000,1000,0,0,0,0,0,0,0,0,0,0,0,0,100
64900,1000,1000,1000,1000,0,0,0,0,0,0,0,0,0,0,0,0,100
65000,1000,1000,1000,1000,0,0,0,0,0,0,0,0,0,0,0,0,100
65100,1000,1000,1000,1000,0,0,0,0,0,0,0,0,0,0,0,0,100
65200,1000,1000,1000,1000,0,0,0,0,0,0,0,0,0,0,0,0,100
65300,1000,1000,1000,1000,0,0,0,0,0,0,0,0,0,0,0,0,100
65400,1000,1000,1000,1000,0,0,0,0,0,0,0,0,0,0,0,0,100
65500,1000,1000,1000,1000,0,0,0,0,0,0,0,0,0,0,0,0,100
65600,1000,1000,1000,1000,0,0,0,0,0,0,0,0,0,0,0,0,100
65700,1000,1000,1000,1000,0,0,0,0,0,0,0,0,0,0,0,0,100
65800,1000,1000,1000,1000,0,0,0,0,0,0,0,0,0,0,0,0,100
65900,1000,1000,1000,1000,0,0,0,0,0,0,0,0,0,0,0,0,100
66000,1000,1000,1000,1000,0,0,0,0,0,0,0,0,0,0,0,0,100
66100,1000,1000,1000,1000,0,0,0,0,0,0,0,0,0,0,0,0,100
66200,1000,1000,1000,1000,0,0,0,0,0,0,0,0,0,0,0,0,100
66300,1000,1000,1000,1000,0,0,0,0,0,0,0,0,0,0,0,0,100
66400,1000,1000,1000,1000,0,0,0,0,0,0,0,0,0,0,0,0,100
66500,1000,1000,1000,1000,0,0,0,0,0,0,0,0,0,0,0,0,100
66600,1000,1000,1000,1000,0,0,0,0,0,0,0,0,0,0,0,0,100
66700,1000,1000,1000,1000,0,0,0,0,0,0,0,0,0,0,0,0,100
66800,1000,1000,1000,1000,0,0,0,0,0,0,0,0,0,0,0,0,100
66900,1000,1000,1000,1000,0,0,0,0,0,0,0,0,0,0,0,0,100
67000,1000,1000,1000,1000,0,0,0,0,0,0,0,0,0,0,0,0,100
67100,1000,1000,1000,1000,0,0,0,0,0,0,0,0,0,0,0,0,100
67200,1000,1000,1000,1000,0,0,0,0,0,0,0,0,0,0,0,0,100
67300,1000,1000,1000,1000,0,0,0,0,0,0,0,0,0,0,0,0,100
67400,1000,1000,1000,1000,0,0,0,0,0,0,0,0,0,0,0,0,100
67500,1000,1000,1000,1000,0,0,0,0,0,0,0,0,0,0,0,0,100
67600,1000,1000,1000,1000,0,0,0,0,0,0,0,0,0,0,0,0,100
67700,1000,1000,1000,1000,0,0,0,0,0,0,0,0,0,0,0,0,100
67800,1000,1000,1000,1000,0,0,0,0,0,0,0,0,0,0,0,0,100
67900,1000,1000,1000,1000,0,0,0,0,0,0,0,0,0,0,0,0,100
68000,1000,1000,1000,1000,0,0,0,0,0,0,0,0,0,0,0,0,100
68100,1000,1000,1000,1000,0,0,0,0,0,0,0,0,0,0,0,0,100
68200,1000,1000,1000,1000,0,0,0,0,0,0,0,0,0,0,0,0,100
68300,1000,1000,1000,1000,0,0,0,0,0,0,0,0,0,0,0,0,100
68400,1000,1000,1000,1000,0,0,0,0,0,0,0,0,0,0,0,0,100
68500,1000,1000,1000,1000,0,0,0,0,0,0,0,0,0,0,0,0,100
68600,1000,1000,1000,1000,0,0,0,0,0,0,0,0,0,0,0,0,100
68700,1000,1000,1000,1000,0,0,0,0,0,0,0,0,0,0,0,0,100
68800,1000,1000,1000,1000,0,0,0,0,0,0,0,0,0,0,0,0,100
68900,1000,1000,1000,1000,0,0,0,0,0,0,0,0,0,0,0,0,100
69000,1000,1000,1000,1000,0,0,0,0,0,0,0,0,0,0,0,0,100
69100,1000,1000,1000,1000,0,0,0,0,0,0,0,0,0,0,0,0,100
69200,1000,1000,1000,1000,0,0,0,0,0,0,0,0,0,0,0,0,100
69300,1000,1000,1000,1000,0,0,0,0,0,0,0,0,0,0,0,0,100
69400,1000,1000,1000,1000,0,0,0,0,0,0,0,0,0,0,0,0,100
69500,1000,1000,1000,1000,0,0,0,0,0,0,0,0,0,0,0,0,100
69600,1000,1000,1000,1000,0,0,0,0,0,0,0,0,0,0,0,0,100
69700,1000,1000,1000,1000,0,0,0,0,0,0,0,0,0,0,0,0,100
69800,1000,1000,1000,1000,0,0,0,0,0,0,0,0,0,0,0,0,100
69900,1000,1000,1000,1000,0,0,0,0,0,0,0,0,0,0,0,0,100
70000,1000,1000,1000,1000,0,0,0,0,0,0,0,0,0,0,0,0,100
70100,1000,1000,1000,1000,0,0,0,0,0,0,0,0,0,0,0,0,100
70200,1000,1000,1000,1000,0,0,0,0,0,0,0,0,0,0,0,0,100
70300,1000,1000,1000,1000,0,0,0,0,0,0,0,0,0,0,0,0,100
70400,1000,1000,1000,1000,0,0,0,0,0,0,0,0,0,0,0,0,100
70500,1000,1000,1000,1000,0,0,0,0,0,0,0,0,0,0,0,0,100
70600,1000,1000,1000,1000,0,0,0,0,0,0,0,0,0,0,0,0,100
70700,1000,1000,1000,1000,0,0,0,0,0,0,0,0,0,0,0,0,100
70800,1000,1000,1000,1000,0,0,0,0,0,0,0,0,0,0,0,0,100
70900,1000,1000,1000,1000,0,0,0,0,0,0,0,0,0,0,0,0,100
71000,1000,1000,1000,1000,0,0,0,0,0,0,0,0,0,0,0,0,100
71100,1000,1000,1000,1000,0,0,0,0,0,0,0,0,0,0,0,0,100
71200,1000,1000,1000,1000,0,0,0,0,0,0,0,0,0,0,0,0,100
71300,1000,1000,1000,1000,0,0,0,0,0,0,0,0,0,0,0,0,100
71400,1000,1000,1000,1000,0,0,0,0,0,0,0,0,0,0,0,0,100
71500,1000,1000,1000,1000,0,0,0,0,0,0,0,0,0,0,0,0,100
71600,1000,1000,1000,1000,0,0,0,0,0,0,0,0,0,0,0,0,100
71700,1000,1000,1000,1000,0,0,0,0,0,0,0,0,0,0,0,0,100
71800,1000,1000,1000,1000,0,0,0,0,0,0,0,0,0,0,0,0,100
71900,1000,1000,1000,1000,0,0,0,0,0,0,0,0,0,0,0,0,100
72000,1000,1000,1000,1000,0,0,0,0,0,0,0,0,0,0,0,0,100
72100,1000,1000,1000,1000,0,0,0,0,0,0,0,0,0,0,0,0,100
72200,1000,1000,1000,1000,0,0,0,0,0,0,0,0,0,0,0,0,100
72300,1000,1000,1000,1000,0,0,0,0,0,0,0,0,0,0,0,0,100
72400,1000,1000,1000,1000,0,0,0,0,0,0,0,0,0,0,0,0,100
72500,1000,1000,1000,1000,0,0,0,0,0,0,0,0,0,0,0,0,100
72600,1000,1000,1000,1000,0,0,0,0,0,0,0,0,0,0,0,0,100
72700,1000,1000,1000,1000,0,0,0,0,0,0,0,0,0,0,0,0,100
72800,1000,1000,1000,1000,0,0,0,0,0,0,0,0,0,0,0,0,100
72900,1000,1000,1000,1000,0,0,0,0,0,0,0,0,0,0,0,0,100
73000,1000,1000,1000,1000,0,0,0,0,0,0,0,0,0,0,0,0,100
73100,1000,1000,1000,1000,0,0,0,0,0,0,0,0,0,0,0,0,100
73200,1000,1000,1000,1000,0,0,0,0,0,0,0,0,0,0,0,0,100
73300,1000,1000,1000,1000,0,0,0,0,0,0,0,0,0,0,0,0,100
73400,1000,1000,1000,1000,0,0,0,0,0,0,0,0,0,0,0,0,100
73500,1000,1000,1000,1000,0,0,0,0,0,0,0,0,0,0,0,0,100
73600,1000,1000,1000,1000,0,0,0,0,0,0,0,0,0,0,0,0,100
73700,1000,1000,1000,1000,0,0,0,0,0,0,0,0,0,0,0,0,100
73800,1000,1000,1000,1000,0,0,0,0,0,0,0,0,0,0,0,0,100
73900,1000,1000,1000,1000,0,0,0,0,0,0,0,0,0,0,0,0,100
74000,1000,1000,1000,1000,0,0,0,0,0,0,0,0,0,0,0,0,100
74100,1000,1000,1000,1000,0,0,0,0,0,0,0,0,0,0,0,0,100
74200,1000,1000,1000,1000,0,0,0,0,0,0,0,0,0,0,0,0,100
74300,1000,1000,1000,1000,0,0,0,0,0,0,0,0,0,0,0,0,100
74400,1000,1000,1000,1000,0,0,0,0,0,0,0,0,0,0,0,0,100
74500,1000,1000,1000,1000,0,0,0,0,0,0,0,0,0,0,0,0,100
74600,1000,1000,1000,1000,0,0,0,0,0,0,0,0,0,0,0,0,100
74700,1000,1000,1000,1000,0,0,0,0,0,0,0,0,0,0,0,0,100
74800,1000,1000,1000,1000,0,0,0,0,0,0,0,0,0,0,0,0,100
74900,1000,1000,1000,1000,0,0,0,0,0,0,0,0,0,0,0,0,100
75000,1000,1000,1000,1000,0,0,0,0,0,0,0,0,0,0,0,0,100
75100,1000,1000,1000,1000,0,0,0,0,0,0,0,0,0,0,0,0,100
75200,1000,1000,1000,1000,0,0,0,0,0,0,0,0,0,0,0,0,100
75300,1000,1000,1000,1000,0,0,0,0,0,0,0,0,0,0,0,0,100
75400,1000,1000,1000,1000,0,0,0,0,0,0,0,0,0,0,0,0,100
75500,1000,1000,1000,1000,0,0,0,0,0,0,0,0,0,0,0,0,100
75600,1000,1000,1000,1000,0,0,0,0,0,0,0,0,0,0,0,0,100
75700,1000,1000,1000,1000,0,0,0,0,0,0,0,0,0,0,0,0,100
75800,1000,1000,1000,1000,0,0,0,0,0,0,0,0,0,0,0,0,100
75900,1000,1000,1000,1000,0,0,0,0,0,0,0,0,0,0,0,0,100
76000,1000,1000,1000,1000,0,0,0,0,0,0,0,0,0,0,0,0,100
76100,1000,1000,1000,1000,0,0,0,0,0,0,0,0,0,0,0,0,100
76200,1000,1000,1000,1000,0,0,0,0,0,0,0,0,0,0,0,0,100
76300,1000,1000,1000,1000,0,0,0,0,0,0,0,0,0,0,0,0,100
76400,1000,1000,1000,1000,0,0,0,0,0,0,0,0,0,0,0,0,100
76500,1000,1000,1000,1000,0,0,0,0,0,0,0,0,0,0,0,0,100
76600,1000,1000,1000,1000,0,0,0,0,0,0,0,0,0,0,0,0,100
76700,1000,1000,1000,1000,0,0,0,0,0,0,0,0,0,0,0,0,100
76800,1000,1000,1000,1000,0,0,0,0,0,0,0,0,0,0,0,0,100
76900,1000,1000,1000,1000,0,0,0,0,0,0,0,0,0,0,0,0,100
77000,1000,1000,1000,1000,0,0,0,0,0,0,0,0,0,0,0,0,100
77100,1000,1000,1000,1000,0,0,0,0,0,0,0,0,0,0,0,0,100
77200,1000,1000,1000,1000,0,0,0,0,0,0,0,0,0,0,0,0,100
77300,1000,1000,1000,1000,0,0,0,0,0,0,0,0,0,0,0,0,100
77400,1000,1000,1000,1000,0,0,0,0,0,0,0,0,0,0,0,0,100
77500,1000,1000,1000,1000,0,0,0,0,0,0,0,0,0,0,0,0,100
77600,1000,1000,1000,1000,0,0,0,0,0,0,0,0,0,0,0,0,100
77700,1000,1000,1000,1000,0,0,0,0,0,0,0,0,0,0,0,0,100
77800,1000,1000,1000,1000,0,0,0,0,0,0,0,0,0,0,0,0,100
77900,1000,1000,1000,1000,0,0,0,0,0,0,0,0,0,0,0,0,100
78000,1000,1000,1000,1000,0,0,0,0,0,0,0,0,0,0,0,0,100
78100,1000,1000,1000,1000,0,0,0,0,0,0,0,0,0,0,0,0,100
78200,1000,1000,1000,1000,0,0,0,0,0,0,0,0,0,0,0,0,100
78300,1000,1000,1000,1000,0,0,0,0,0,0,0,0,0,0,0,0,100
78400,1000,1000,1000,1000,0,0,0,0,0,0,0,0,0,0,0,0,100
78500,1000,1000,1000,1000,0,0,0,0,0,0,0,0,0,0,0,0,100
78600,1000,1000,1000,1000,0,0,0,0,0,0,0,0,0,0,0,0,100
78700,1000,1000,1000,1000,0,0,0,0,0,0,0,0,0,0,0,0,100
78800,1000,1000,1000,1000,0,0,0,0,0,0,0,0,0,0,0,0,100
78900,1000,1000,1000,1000,0,0,0,0,0,0,0,0,0,0,0,0,100
79000,1000,1000,1000,1000,0,0,0,0,0,0,0,0,0,0,0,0,100
79100,1000,1000,1000,1000,0,0,0,0,0,0,0,0,0,0,0,0,100
79200,1000,1000,1000,1000,0,0,0,0,0,0,0,0,0,0,0,0,100
79300,1000,1000,1000,1000,0,0,0,0,0,0,0,0,0,0,0,0,100
79400,1000,1000,1000,1000,0,0,0,0,0,0,0,0,0,0,0,0,100
79500,1000,1000,1000,1000,0,0,0,0,0,0,0,0,0,0,0,0,100
79600,1000,1000,1000,1000,0,0,0,0,0,0,0,0,0,0,0,0,100
79700,1000,1000,1000,1000,0,0,0,0,0,0,0,0,0,0,0,0,100
79800,1000,1000,1000,1000,0,0,0,0,0,0,0,0,0,0,0,0,100
79900,1000,1000,1000,1000,0,0,0,0,0,0,0,0,0,0,0,0,100
80000,1000,1000,1000,1000,0,0,0,0,0,0,0,0,0,0,0,0,100
80100,1000,1000,1000,1000,0,0,0,0,0,0,0,0,0,0,0,0,100
80200,1000,1000,1000,1000,0,0,0,0,0,0,0,0,0,0,0,0,100
80300,1000,1000,1000,1000,0,0,0,0,0,0,0,0,0,0,0,0,100
80400,1000,1000,1000,1000,0,0,0,0,0,0,0,0,0,0,0,0,100
80500,1000,1000,1000,1000,0,0,0,0,0,0,0,0,0,0,0,0,100
80600,1000,1000,1000,1000,0,0,0,0,0,0,0,0,0,0,0,0,100
80700,1000,1000,1000,1000,0,0,0,0,0,0,0,0,0,0,0,0,100
80800,1000,1000,1000,1000,0,0,0,0,0,0,0,0,0,0,0,0,100
80900,1000,1000,1000,1000,0,0,0,0,0,0,0,0,0,0,0,0,100
81000,1000,1000,1000,1000,0,0,0,0,0,0,0,0,0,0,0,0,100
81100,1000,1000,1000,1000,0,0,0,0,0,0,0,0,0,0,0,0,100
81200,1000,1000,1000,1000,0,0,0,0,0,0,0,0,0,0,0,0,100
81300,1150,1150,1150,1150,0,0,0,0,0,0,0,0,0,0,0,0,100
81400,1150,1150,1150,1150,0,0,0,0,0,0,0,0,0,0,0,0,100
81500,1150,1150,1150,1150,0,0,0,0,0,0,0,0,0,0,0,0,100
81600,1150,1150,1150,1150,0,0,0,0,0,0,0,0,0,0,0,0,100
81700,1150,1150,1150,1150,0,0,0,0,0,0,0,0,0,0,0,0,100
81800,1150,1150,1150,1150,0,0,0,0,0,0,0,0,0,0,0,0,100
81900,1150,1150,1150,1150,0,0,0,0,0,0,0,0,0,0,0,0,100
82000,1150,1150,1150,1150,0,0,0,0,0,0,0,0,0,0,0,0,100
82100,1150,1150,1150,1150,0,0,0,0,0,0,0,0,0,0,0,0,100
82200,1150,1150,1150,1150,0,0,0,0,0,0,0,0,0,0,0,0,100
82300,1150,1150,1150,1150,0,0,0,0,0,0,0,0,0,0,0,0,100
82400,1150,1150,1150,1150,0,0,0,0,0,0,0,0,0,0,0,0,100
82500,1150,1150,1150,1150,0,0,0,0,0,0,0,0,0,0,0,0,100
82600,1150,1150,1150,1150,0,0,0,0,0,0,0,0,0,0,0,0,100
82700,1150,1150,1150,1150,0,0,0,0,0,0,0,0,0,0,0,0,100
82800,1150,1150,1150,1150,0,0,0,0,0,0,0,0,0,0,0,0,100
82900,1150,1150,1150,1150,0,0,0,0,0,0,0,0,0,0,0,0,100
83000,1150,1150,1150,1150,0,0,0,0,0,0,0,0,0,0,0,0,100
83100,1150,1150,1150,1150,0,0,0,0,0,0,0,0,0,0,0,0,100
83200,1150,1150,1150,1150,0,0,0,0,0,0,0,0,0,0,0,0,100
83300,1150,1150,1150,1150,0,0,0,0,0,0,0,0,0,0,0,0,100
83400,1150,1150,1150,1150,0,0,0,0,0,0,0,0,0,0,0,0,100
83500,1150,1150,1150,1150,0,0,0,0,0,0,0,0,0,0,0,0,100
83600,1150,1150,1150,1150,0,0,0,0,0,0,0,0,0,0,0,0,100
83700,1150,1150,1150,1150,0,0,0,0,0,0,0,0,0,0,0,0,100
83800,1150,1150,1150,1150,0,0,0,0,0,0,0,0,0,0,0,0,100
83900,1150,1150,1150,1150,0,0,0,0,0,0,0,0,0,0,0,0,100
84000,1150,1150,1150,1150,0,0,0,0,0,0,0,0,0,0,0,0,100
84100,1150,1150,1150,1150,0,0,0,0,0,0,0,0,0,0,0,0,100
84200,1150,1150,1150,1150,0,0,0,0,0,0,0,0,0,0,0,0,100
84300,1150,1150,1150,1150,0,0,0,0,0,0,0,0,0,0,0,0,100
84400,1150,1150,1150,1150,0,0,0,0,0,0,0,0,0,0,0,0,100
84500,1150,1150,1150,1150,0,0,0,0,0,0,0,0,0,0,0,0,100
84600,1150,1150,1150,1150,0,0,0,0,0,0,0,0,0,0,0,0,100
84700,1150,1150,1150,1150,0,0,0,0,0,0,0,0,0,0,0,0,100
84800,1150,1150,1150,1150,0,0,0,0,0,0,0,0,0,0,0,0,100
84900,1150,1150,1150,1150,0,0,0,0,0,0,0,0,0,0,0,0,100
85000,1150,1150,1150,1150,0,0,0,0,0,0,0,0,0,0,0,0,100
85100,1150,1150,1150,1150,0,0,0,0,0,0,0,0,0,0,0,0,100
85200,1150,1150,1150,1150,0,0,0,0,0,0,0,0,0,0,0,0,100
85300,1150,1150,1150,1150,0,0,0,0,0,0,0,0,0,0,0,0,100
85400,1150,1150,1150,1150,0,0,0,0,0,0,0,0,0,0,0,0,100
85500,1150,1150,1150,1150,0,0,0,0,0,0,0,0,0,0,0,0,100
85600,1150,1150,1150,1150,0,0,0,0,0,0,0,0,0,0,0,0,100
85700,1150,1150,1150,1150,0,0,0,0,0,0,0,0,0,0,0,0,100
85800,1150,1150,1150,1150,0,0,0,0,0,0,0,0,0,0,0,0,100
85900,1150,1150,1150,1150,0,0,0,0,0,0,0,0,0,0,0,0,100
86000,1257,1258,1264,1315,0,0,0,0,0,0,0,0,0,0,0,0,100
86100,1238,1285,1190,1312,0,0,0,0,0,0,0,0,0,0,0,0,100
86200,1369,1392,1398,1423,0,0,0,0,0,0,0,0,0,0,0,0,100
86300,1210,1217,1231,1221,0,0,0,0,0,0,0,0,0,0,0,0,100
86400,1345,1332,1338,1356,0,0,0,0,0,0,0,0,0,0,0,0,100
86500,1229,1264,1250,1315,0,0,0,0,0,0,0,0,0,0,0,0,100
86600,1287,1307,1296,1360,0,0,0,0,0,0,0,0,0,0,0,0,100
86700,1277,1280,1292,1321,0,0,0,0,0,0,0,0,0,0,0,0,100
86800,1284,1284,1294,1308,0,0,0,0,0,0,0,0,0,0,0,0,100
86900,1274,1303,1296,1309,0,0,0,0,0,0,0,0,0,0,0,0,100
87000,1260,1275,1280,1339,0,0,0,0,0,0,0,0,0,0,0,0,100
87100,1281,1281,1296,1368,0,0,0,0,0,0,0,0,0,0,0,0,100
87200,1275,1275,1275,1321,0,0,0,0,0,0,0,0,0,0,0,0,100
87300,1289,1319,1303,1308,0,0,0,0,0,0,0,0,0,0,0,0,100
87400,1256,1301,1300,1312,0,0,0,0,0,0,0,0,0,0,0,0,100
87500,1279,1267,1280,1375,0,0,0,0,0,0,0,0,0,0,0,0,100
87600,1302,1278,1261,1345,0,0,0,0,0,0,0,0,0,0,0,0,100
87700,1262,1340,1337,1267,0,0,0,0,0,0,0,0,0,0,0,0,100
87800,1249,1299,1334,1347,0,0,0,0,0,0,0,0,0,0,0,0,100
87900,1330,1235,1202,1431,0,0,0,0,0,0,0,0,0,0,0,0,100
88000,1325,1359,1292,1274,0,0,0,0,0,0,0,0,0,0,0,0,100
88100,1198,1378,1460,1214,0,0,0,0,0,0,0,0,0,0,0,0,100
88200,1306,1122,1178,1545,0,0,0,0,0,0,0,0,0,0,0,0,100
88300,1393,1362,1198,1277,0,0,0,0,0,0,0,0,0,0,0,0,100
88400,1210,1380,1510,1189,0,0,0,0,0,0,0,0,0,0,0,0,100
88500,1332,1106,1100,1630,0,0,0,0,0,0,0,0,0,0,0,0,100
88600,1382,1453,1313,1102,0,0,0,0,0,0,0,0,0,0,0,0,100
88700,1166,1250,1483,1270,0,0,0,0,0,0,0,0,0,0,0,0,100
88800,1341,1214,1100,1584,0,0,0,0,0,0,0,0,0,0,0,0,100
88900,1326,1546,1463,1100,0,0,0,0,0,0,0,0,0,0,0,0,100
89000,1152,1152,1397,1393,0,0,0,0,0,0,0,0,0,0,0,0,100
89100,1349,1274,1100,1434,0,0,0,0,0,0,0,0,0,0,0,0,100
89200,1265,1473,1532,1100,0,0,0,0,0,0,0,0,0,0,0,0,100
89300,1243,1100,1164,1572,0,0,0,0,0,0,0,0,0,0,0,0,100
89400,1411,1353,1100,1302,0,0,0,0,0,0,0,0,0,0,0,0,100
89500,1235,1370,1549,1132,0,0,0,0,0,0,0,0,0,0,0,0,100
89600,1306,1100,1100,1615,0,0,0,0,0,0,0,0,0,0,0,0,100
89700,1392,1430,1241,1146,0,0,0,0,0,0,0,0,0,0,0,0,100
89800,1182,1288,1518,1238,0,0,0,0,0,0,0,0,0,0,0,0,100
89900,1315,1148,1100,1611,0,0,0,0,0,0,0,0,0,0,0,0,100
90000,1347,1538,1420,1100,0,0,0,0,0,0,0,0,0,0,0,0,100
90100,1157,1228,1480,1341,0,0,0,0,0,0,0,0,0,0,0,0,100
90200,1346,1252,1100,1497,0,0,0,0,0,0,0,0,0,0,0,0,100
90300,1293,1516,1519,1100,0,0,0,0,0,0,0,0,0,0,0,0,100
90400,1226,1113,1268,1535,0,0,0,0,0,0,0,0,0,0,0,0,100
90500,1395,1348,1100,1332,0,0,0,0,0,0,0,0,0,0,0,0,100
90600,1279,1445,1543,1100,0,0,0,0,0,0,0,0,0,0,0,0,100
90700,1284,1100,1104,1669,0,0,0,0,0,0,0,0,0,0,0,0,100
90800,1404,1378,1148,1240,0,0,0,0,0,0,0,0,0,0,0,0,100
90900,1224,1331,1554,1161,0,0,0,0,0,0,0,0,0,0,0,0,100
91000,1317,1100,1100,1647,0,0,0,0,0,0,0,0,0,0,0,0,100
91100,1339,1494,1355,1100,0,0,0,0,0,0,0,0,0,0,0,0,100
91200,1172,1251,1480,1323,0,0,0,0,0,0,0,0,0,0,0,0,100
91300,1344,1226,1100,1546,0,0,0,0,0,0,0,0,0,0,0,0,100
91400,1286,1524,1562,1100,0,0,0,0,0,0,0,0,0,0,0,0,100
91500,1188,1134,1344,1509,0,0,0,0,0,0,0,0,0,0,0,0,100
91600,1385,1326,1100,1416,0,0,0,0,0,0,0,0,0,0,0,0,100
91700,1287,1463,1600,1100,0,0,0,0,0,0,0,0,0,0,0,0,100
91800,1271,1100,1127,1647,0,0,0,0,0,0,0,0,0,0,0,0,100
91900,1438,1414,1183,1210,0,0,0,0,0,0,0,0,0,0,0,0,100
92000,1224,1302,1548,1231,0,0,0,0,0,0,0,0,0,0,0,0,100
92100,1311,1162,1100,1628,0,0,0,0,0,0,0,0,0,0,0,0,100
92200,1355,1556,1463,1100,0,0,0,0,0,0,0,0,0,0,0,0,100
92300,1167,1212,1465,1378,0,0,0,0,0,0,0,0,0,0,0,0,100
92400,1373,1284,1100,1491,0,0,0,0,0,0,0,0,0,0,0,0,100
92500,1281,1507,1562,1100,0,0,0,0,0,0,0,0,0,0,0,0,100
92600,1256,1100,1200,1601,0,0,0,0,0,0,0,0,0,0,0,0,100
92700,1431,1358,1110,1259,0,0,0,0,0,0,0,0,0,0,0,0,100
92800,1210,1302,1480,1155,0,0,0,0,0,0,0,0,0,0,0,0,100
92900,1259,1100,1100,1536,0,0,0,0,0,0,0,0,0,0,0,0,100
93000,1287,1448,1312,1100,0,0,0,0,0,0,0,0,0,0,0,0,100
93100,1134,1184,1368,1240,0,0,0,0,0,0,0,0,0,0,0,0,100
93200,1306,1110,1100,1421,0,0,0,0,0,0,0,0,0,0,0,0,100
93300,1263,1457,1469,1100,0,0,0,0,0,0,0,0,0,0,0,0,100
93400,1178,1139,1288,1497,0,0,0,0,0,0,0,0,0,0,0,0,100
93500,1405,1342,1109,1378,0,0,0,0,0,0,0,0,0,0,0,0,100
93600,1244,1353,1547,1127,0,0,0,0,0,0,0,0,0,0,0,0,100
93700,1284,1100,1100,1639,0,0,0,0,0,0,0,0,0,0,0,0,100
93800,1382,1521,1355,1148,0,0,0,0,0,0,0,0,0,0,0,0,100
93900,1180,1261,1517,1368,0,0,0,0,0,0,0,0,0,0,0,0,100
94000,1372,1243,1100,1521,0,0,0,0,0,0,0,0,0,0,0,0,100
94100,1277,1514,1528,1100,0,0,0,0,0,0,0,0,0,0,0,0,100
94200,1223,1100,1221,1613,0,0,0,0,0,0,0,0,0,0,0,0,100
94300,1426,1375,1158,1251,0,0,0,0,0,0,0,0,0,0,0,0,100
94400,1187,1271,1505,1239,0,0,0,0,0,0,0,0,0,0,0,0,100
94500,1313,1157,1100,1561,0,0,0,0,0,0,0,0,0,0,0,0,100
94600,1278,1516,1493,1100,0,0,0,0,0,0,0,0,0,0,0,0,100
94700,1213,1100,1255,1533,0,0,0,0,0,0,0,0,0,0,0,0,100
94800,1426,1323,1118,1311,0,0,0,0,0,0,0,0,0,0,0,0,100
94900,1198,1346,1551,1187,0,0,0,0,0,0,0,0,0,0,0,0,100
95000,1307,1142,1100,1621,0,0,0,0,0,0,0,0,0,0,0,0,100
95100,1351,1551,1524,1100,0,0,0,0,0,0,0,0,0,0,0,0,100
95200,1288,1211,1400,1651,0,0,0,0,0,0,0,0,0,0,0,0,100
95300,1434,1390,1151,1306,0,0,0,0,0,0,0,0,0,0,0,0,100
95400,1199,1288,1571,1277,0,0,0,0,0,0,0,0,0,0,0,0,100
95500,1341,1183,1100,1505,0,0,0,0,0,0,0,0,0,0,0,0,100
95600,1251,1471,1570,1103,0,0,0,0,0,0,0,0,0,0,0,0,100
95700,1278,1100,1122,1590,0,0,0,0,0,0,0,0,0,0,0,0,100
95800,1375,1502,1355,1113,0,0,0,0,0,0,0,0,0,0,0,0,100
95900,1180,1157,1392,1438,0,0,0,0,0,0,0,0,0,0,0,0,100
96000,1414,1332,1129,1346,0,0,0,0,0,0,0,0,0,0,0,0,100
96100,1181,1323,1542,1252,0,0,0,0,0,0,0,0,0,0,0,0,100
96200,1359,1215,1100,1500,0,0,0,0,0,0,0,0,0,0,0,0,100
96300,1237,1437,1556,1108,0,0,0,0,0,0,0,0,0,0,0,0,100
96400,1301,1100,1100,1591,0,0,0,0,0,0,0,0,0,0,0,0,100
96500,1309,1516,1471,1100,0,0,0,0,0,0,0,0,0,0,0,0,100
96600,1264,1100,1195,1547,0,0,0,0,0,0,0,0,0,0,0,0,100
96700,1377,1498,1314,1113,0,0,0,0,0,0,0,0,0,0,0,0,100
96800,1174,1137,1356,1463,0,0,0,0,0,0,0,0,0,0,0,0,100
96900,1423,1403,1182,1238,0,0,0,0,0,0,0,0,0,0,0,0,100
97000,1135,1208,1450,1348,0,0,0,0,0,0,0,0,0,0,0,0,100
97100,1411,1333,1110,1324,0,0,0,0,0,0,0,0,0,0,0,0,100
97200,1141,1264,1492,1308,0,0,0,0,0,0,0,0,0,0,0,0,100
97300,1419,1306,1100,1354,0,0,0,0,0,0,0,0,0,0,0,0,100
97400,1142,1256,1508,1284,0,0,0,0,0,0,0,0,0,0,0,0,100
97500,1379,1278,1100,1383,0,0,0,0,0,0,0,0,0,0,0,0,100
97600,1152,1294,1519,1305,0,0,0,0,0,0,0,0,0,0,0,0,100
97700,1422,1316,1100,1353,0,0,0,0,0,0,0,0,0,0,0,0,100
97800,1150,1265,1509,1314,0,0,0,0,0,0,0,0,0,0,0,0,100
97900,1452,1392,1134,1279,0,0,0,0,0,0,0,0,0,0,0,0,100
98000,1170,1137,1433,1470,0,0,0,0,0,0,0,0,0,0,0,0,100
98100,1404,1491,1295,1148,0,0,0,0,0,0,0,0,0,0,0,0,100
98200,1217,1100,1272,1650,0,0,0,0,0,0,0,0,0,0,0,0,100
98300,1338,1549,1467,1100,0,0,0,0,0,0,0,0,0,0,0,0,100
98400,1323,1100,1100,1637,0,0,0,0,0,0,0,0,0,0,0,0,100
98500,1254,1444,1573,1104,0,0,0,0,0,0,0,0,0,0,0,0,100
98600,1338,1273,1100,1488,0,0,0,0,0,0,0,0,0,0,0,0,100
98700,1146,1228,1563,1330,0,0,0,0,0,0,0,0,0,0,0,0,100
98800,1505,1435,1165,1189,0,0,0,0,0,0,0,0,0,0,0,0,100
98900,1209,1100,1281,1602,0,0,0,0,0,0,0,0,0,0,0,0,100
99000,1338,1582,1484,1100,0,0,0,0,0,0,0,0,0,0,0,0,100
99100,1319,1157,1100,1591,0,0,0,0,0,0,0,0,0,0,0,0,100
99200,1191,1293,1586,1224,0,0,0,0,0,0,0,0,0,0,0,0,100
99300,1479,1418,1143,1222,0,0,0,0,0,0,0,0,0,0,0,0,100
99400,1207,1100,1271,1685,0,0,0,0,0,0,0,0,0,0,0,0,100
99500,1311,1522,1543,1100,0,0,0,0,0,0,0,0,0,0,0,0,100
99600,1391,1280,1100,1414,0,0,0,0,0,0,0,0,0,0,0,0,100
99700,1121,1100,1415,1469,0,0,0,0,0,0,0,0,0,0,0,0,100
99800,1360,1539,1476,1100,0,0,0,0,0,0,0,0,0,0,0,0,100
99900,1494,1489,1217,1134,0,0,0,0,0,0,0,0,0,0,0,0,100
100000,1265,1100,1189,1578,0,0,0,0,0,0,0,0,0,0,0,0,100
100100,1130,1100,1408,1611,0,0,0,0,0,0,0,0,0,0,0,0,100
100200,1181,1332,1426,1207,0,0,0,0,0,0,0,0,0,0,0,0,100
100300,1420,1560,1302,1100,0,0,0,0,0,0,0,0,0,0,0,0,100
100400,1412,1461,1273,1185,0,0,0,0,0,0,0,0,0,0,0,0,100
100500,1256,1249,1392,1381,0,0,0,0,0,0,0,0,0,0,0,0,100
100600,1166,1208,1488,1464,0,0,0,0,0,0,0,0,0,0,0,0,100
100700,1216,1221,1379,1434,0,0,0,0,0,0,0,0,0,0,0,0,100
100800,1271,1302,1305,1344,0,0,0,0,0,0,0,0,0,0,0,0,100
100900,1317,1345,1282,1290,0,0,0,0,0,0,0,0,0,0,0,0,100
101000,1322,1330,1273,1316,0,0,0,0,0,0,0,0,0,0,0,0,100
101100,1295,1300,1311,1348,0,0,0,0,0,0,0,0,0,0,0,0,100
101200,1271,1270,1321,1352,0,0,0,0,0,0,0,0,0,0,0,0,100
101300,1283,1298,1312,1341,0,0,0,0,0,0,0,0,0,0,0,0,100
101400,1296,1317,1296,1333,0,0,0,0,0,0,0,0,0,0,0,0,100
101500,1287,1309,1294,1340,0,0,0,0,0,0,0,0,0,0,0,0,100
101600,1301,1294,1316,1343,0,0,0,0,0,0,0,0,0,0,0,0,100
101700,1276,1292,1296,1338,0,0,0,0,0,0,0,0,0,0,0,0,100
101800,1280,1299,1316,1343,0,0,0,0,0,0,0,0,0,0,0,0,100
101900,1287,1292,1311,1348,0,0,0,0,0,0,0,0,0,0,0,0,100
102000,1281,1292,1312,1349,0,0,0,0,0,0,0,0,0,0,0,0,100
102100,1281,1297,1309,1342,0,0,0,0,0,0,0,0,0,0,0,0,100
102200,1288,1312,1317,1341,0,0,0,0,0,0,0,0,0,0,0,0,100
102300,1276,1286,1297,1327,0,0,0,0,0,0,0,0,0,0,0,0,100
102400,1262,1301,1301,1341,0,0,0,0,0,0,0,0,0,0,0,0,100
102500,1289,1300,1322,1347,0,0,0,0,0,0,0,0,0,0,0,0,100
102600,1278,1289,1293,1306,0,0,0,0,0,0,0,0,0,0,0,0,100
102700,1314,1310,1292,1334,0,0,0,0,0,0,0,0,0,0,0,0,100
102800,1282,1301,1308,1335,0,0,0,0,0,0,0,0,0,0,0,0,100
102900,1287,1288,1319,1344,0,0,0,0,0,0,0,0,0,0,0,0,100
103000,1293,1296,1342,1347,0,0,0,0,0,0,0,0,0,0,0,0,100
103100,1275,1284,1286,1328,0,0,0,0,0,0,0,0,0,0,0,0,100
103200,1296,1324,1304,1342,0,0,0,0,0,0,0,0,0,0,0,0,100
103300,1298,1298,1319,1351,0,0,0,0,0,0,0,0,0,0,0,0,100
103400,1282,1287,1318,1346,0,0,0,0,0,0,0,0,0,0,0,0,100
103500,1296,1292,1312,1350,0,0,0,0,0,0,0,0,0,0,0,0,100
103600,1282,1301,1308,1339,0,0,0,0,0,0,0,0,0,0,0,0,100
103700,1297,1303,1304,1337,0,0,0,0,0,0,0,0,0,0,0,0,100
103800,1281,1296,1309,1328,0,0,0,0,0,0,0,0,0,0,0,0,100
103900,1280,1309,1306,1335,0,0,0,0,0,0,0,0,0,0,0,0,100
104000,1281,1318,1286,1329,0,0,0,0,0,0,0,0,0,0,0,0,100
104100,1304,1301,1303,1334,0,0,0,0,0,0,0,0,0,0,0,0,100
104200,1280,1293,1300,1325,0,0,0,0,0,0,0,0,0,0,0,0,100
104300,1302,1304,1309,1334,0,0,0,0,0,0,0,0,0,0,0,0,100
104400,1284,1281,1296,1333,0,0,0,0,0,0,0,0,0,0,0,0,100
104500,1282,1288,1313,1332,0,0,0,0,0,0,0,0,0,0,0,0,100
104600,1261,1294,1295,1332,0,0,0,0,0,0,0,0,0,0,0,0,100
104700,1280,1311,1301,1339,0,0,0,0,0,0,0,0,0,0,0,0,100
104800,1299,1301,1293,1321,0,0,0,0,0,0,0,0,0,0,0,0,100
104900,1281,1277,1293,1319,0,0,0,0,0,0,0,0,0,0,0,0,100
105000,1286,1288,1315,1338,0,0,0,0,0,0,0,0,0,0,0,0,100
105100,1267,1292,1296,1331,0,0,0,0,0,0,0,0,0,0,0,0,100
105200,1284,1289,1292,1346,0,0,0,0,0,0,0,0,0,0,0,0,100
105300,1269,1290,1301,1343,0,0,0,0,0,0,0,0,0,0,0,0,100
105400,1286,1286,1300,1317,0,0,0,0,0,0,0,0,0,0,0,0,100
105500,1282,1294,1289,1310,0,0,0,0,0,0,0,0,0,0,0,0,100
105600,1282,1287,1293,1331,0,0,0,0,0,0,0,0,0,0,0,0,100
105700,1274,1279,1314,1347,0,0,0,0,0,0,0,0,0,0,0,0,100
105800,1263,1293,1299,1331,0,0,0,0,0,0,0,0,0,0,0,0,100
105900,1288,1294,1297,1335,0,0,0,0,0,0,0,0,0,0,0,0,100
106000,1274,1292,1285,1320,0,0,0,0,0,0,0,0,0,0,0,0,100
106100,1285,1291,1272,1330,0,0,0,0,0,0,0,0,0,0,0,0,100
106200,1280,1307,1301,1333,0,0,0,0,0,0,0,0,0,0,0,0,100
106300,1273,1287,1310,1332,0,0,0,0,0,0,0,0,0,0,0,0,100
106400,1279,1282,1303,1330,0,0,0,0,0,0,0,0,0,0,0,0,100
106500,1286,1315,1288,1314,0,0,0,0,0,0,0,0,0,0,0,0,100
106600,1303,1307,1295,1328,0,0,0,0,0,0,0,0,0,0,0,0,100
106700,1273,1291,1293,1329,0,0,0,0,0,0,0,0,0,0,0,0,100
106800,1289,1297,1291,1336,0,0,0,0,0,0,0,0,0,0,0,0,100
106900,1274,1293,1297,1326,0,0,0,0,0,0,0,0,0,0,0,0,100
107000,1282,1298,1283,1324,0,0,0,0,0,0,0,0,0,0,0,0,100
107100,1286,1284,1297,1342,0,0,0,0,0,0,0,0,0,0,0,0,100
107200,1260,1272,1289,1309,0,0,0,0,0,0,0,0,0,0,0,0,100
107300,1284,1290,1293,1315,0,0,0,0,0,0,0,0,0,0,0,0,100
107400,1282,1294,1278,1300,0,0,0,0,0,0,0,0,0,0,0,0,100
107500,1269,1285,1289,1331,0,0,0,0,0,0,0,0,0,0,0,0,100
107600,1275,1289,1300,1342,0,0,0,0,0,0,0,0,0,0,0,0,100
107700,1295,1306,1313,1348,0,0,0,0,0,0,0,0,0,0,0,0,100
107800,1286,1292,1304,1320,0,0,0,0,0,0,0,0,0,0,0,0,100
107900,1311,1319,1312,1353,0,0,0,0,0,0,0,0,0,0,0,0,100
108000,1302,1330,1334,1352,0,0,0,0,0,0,0,0,0,0,0,0,100
108100,1295,1304,1302,1337,0,0,0,0,0,0,0,0,0,0,0,0,100
108200,1321,1327,1320,1347,0,0,0,0,0,0,0,0,0,0,0,0,100
108300,1290,1297,1295,1328,0,0,0,0,0,0,0,0,0,0,0,0,100
108400,1293,1303,1319,1359,0,0,0,0,0,0,0,0,0,0,0,0,100
108500,1292,1294,1316,1352,0,0,0,0,0,0,0,0,0,0,0,0,100
108600,1287,1292,1309,1354,0,0,0,0,0,0,0,0,0,0,0,0,100
108700,1288,1296,1310,1344,0,0,0,0,0,0,0,0,0,0,0,0,100
108800,1297,1305,1300,1332,0,0,0,0,0,0,0,0,0,0,0,0,100
108900,1292,1305,1305,1343,0,0,0,0,0,0,0,0,0,0,0,0,100
109000,1287,1299,1302,1333,0,0,0,0,0,0,0,0,0,0,0,0,100
109100,1292,1283,1305,1334,0,0,0,0,0,0,0,0,0,0,0,0,100
109200,1272,1311,1306,1329,0,0,0,0,0,0,0,0,0,0,0,0,100
109300,1300,1307,1304,1347,0,0,0,0,0,0,0,0,0,0,0,0,100
109400,1314,1304,1314,1342,0,0,0,0,0,0,0,0,0,0,0,0,100
109500,1281,1278,1291,1311,0,0,0,0,0,0,0,0,0,0,0,0,100
109600,1286,1292,1306,1330,0,0,0,0,0,0,0,0,0,0,0,0,100
109700,1287,1284,1296,1368,0,0,0,0,0,0,0,0,0,0,0,0,100
109800,1274,1289,1311,1344,0,0,0,0,0,0,0,0,0,0,0,0,100
109900,1310,1316,1312,1332,0,0,0,0,0,0,0,0,0,0,0,0,100
110000,1289,1301,1271,1313,0,0,0,0,0,0,0,0,0,0,0,0,100
110100,1296,1301,1303,1342,0,0,0,0,0,0,0,0,0,0,0,0,100
110200,1280,1295,1316,1338,0,0,0,0,0,0,0,0,0,0,0,0,100
110300,1278,1302,1304,1337,0,0,0,0,0,0,0,0,0,0,0,0,100
110400,1279,1298,1309,1332,0,0,0,0,0,0,0,0,0,0,0,0,100
110500,1265,1280,1292,1329,0,0,0,0,0,0,0,0,0,0,0,0,100
110600,1295,1293,1318,1348,0,0,0,0,0,0,0,0,0,0,0,0,100
110700,1280,1275,1310,1337,0,0,0,0,0,0,0,0,0,0,0,0,100
110800,1273,1282,1291,1332,0,0,0,0,0,0,0,0,0,0,0,0,100
110900,1271,1290,1272,1333,0,0,0,0,0,0,0,0,0,0,0,0,100
111000,1263,1288,1289,1331,0,0,0,0,0,0,0,0,0,0,0,0,100
111100,1270,1276,1299,1322,0,0,0,0,0,0,0,0,0,0,0,0,100
111200,1277,1283,1297,1328,0,0,0,0,0,0,0,0,0,0,0,0,100
111300,1280,1286,1271,1317,0,0,0,0,0,0,0,0,0,0,0,0,100
111400,1277,1295,1304,1331,0,0,0,0,0,0,0,0,0,0,0,0,100
111500,1271,1286,1294,1335,0,0,0,0,0,0,0,0,0,0,0,0,100
111600,1279,1283,1299,1337,0,0,0,0,0,0,0,0,0,0,0,0,100
111700,1281,1288,1294,1327,0,0,0,0,0,0,0,0,0,0,0,0,100
111800,1278,1282,1288,1326,0,0,0,0,0,0,0,0,0,0,0,0,100
111900,1276,1284,1289,1318,0,0,0,0,0,0,0,0,0,0,0,0,100
112000,1278,1285,1297,1334,0,0,0,0,0,0,0,0,0,0,0,0,100
112100,1271,1281,1304,1342,0,0,0,0,0,0,0,0,0,0,0,0,100
112200,1281,1298,1299,1332,0,0,0,0,0,0,0,0,0,0,0,0,100
112300,1284,1284,1294,1324,0,0,0,0,0,0,0,0,0,0,0,0,100
112400,1281,1279,1296,1330,0,0,0,0,0,0,0,0,0,0,0,0,100
112500,1279,1292,1305,1339,0,0,0,0,0,0,0,0,0,0,0,0,100
112600,1278,1296,1303,1333,0,0,0,0,0,0,0,0,0,0,0,0,100
112700,1287,1297,1288,1326,0,0,0,0,0,0,0,0,0,0,0,0,100
112800,1272,1277,1298,1327,0,0,0,0,0,0,0,0,0,0,0,0,100
112900,1263,1266,1277,1324,0,0,0,0,0,0,0,0,0,0,0,0,100
113000,1268,1283,1312,1338,0,0,0,0,0,0,0,0,0,0,0,0,100
113100,1270,1293,1299,1320,0,0,0,0,0,0,0,0,0,0,0,0,100
113200,1278,1292,1313,1332,0,0,0,0,0,0,0,0,0,0,0,0,100
113300,1273,1274,1289,1334,0,0,0,0,0,0,0,0,0,0,0,0,100
113400,1279,1290,1293,1327,0,0,0,0,0,0,0,0,0,0,0,0,100
113500,1274,1300,1305,1339,0,0,0,0,0,0,0,0,0,0,0,0,100
113600,1280,1302,1306,1335,0,0,0,0,0,0,0,0,0,0,0,0,100
113700,1282,1287,1292,1328,0,0,0,0,0,0,0,0,0,0,0,0,100
113800,1275,1292,1304,1319,0,0,0,0,0,0,0,0,0,0,0,0,100
113900,1282,1298,1309,1325,0,0,0,0,0,0,0,0,0,0,0,0,100
114000,1274,1298,1307,1330,0,0,0,0,0,0,0,0,0,0,0,0,100
114100,1293,1291,1307,1346,0,0,0,0,0,0,0,0,0,0,0,0,100
114200,1276,1298,1295,1317,0,0,0,0,0,0,0,0,0,0,0,0,100
114300,1290,1311,1301,1336,0,0,0,0,0,0,0,0,0,0,0,0,100
114400,1283,1292,1304,1339,0,0,0,0,0,0,0,0,0,0,0,0,100
114500,1286,1294,1317,1346,0,0,0,0,0,0,0,0,0,0,0,0,100
114600,1279,1292,1300,1327,0,0,0,0,0,0,0,0,0,0,0,0,100
114700,1291,1306,1304,1341,0,0,0,0,0,0,0,0,0,0,0,0,100
114800,1290,1312,1320,1332,0,0,0,0,0,0,0,0,0,0,0,0,100
114900,1278,1293,1293,1327,0,0,0,0,0,0,0,0,0,0,0,0,100
115000,1280,1299,1320,1343,0,0,0,0,0,0,0,0,0,0,0,0,100
115100,1285,1299,1303,1339,0,0,0,0,0,0,0,0,0,0,0,0,100
115200,1285,1296,1311,1330,0,0,0,0,0,0,0,0,0,0,0,0,100
115300,1298,1300,1302,1337,0,0,0,0,0,0,0,0,0,0,0,0,100
115400,1278,1294,1306,1336,0,0,0,0,0,0,0,0,0,0,0,0,100
115500,1292,1303,1311,1332,0,0,0,0,0,0,0,0,0,0,0,0,100
115600,1296,1292,1300,1338,0,0,0,0,0,0,0,0,0,0,0,0,100
115700,1301,1300,1316,1333,0,0,0,0,0,0,0,0,0,0,0,0,100
115800,1278,1297,1294,1326,0,0,0,0,0,0,0,0,0,0,0,0,100
115900,1302,1314,1308,1330,0,0,0,0,0,0,0,0,0,0,0,0,100
116000,1277,1296,1290,1330,0,0,0,0,0,0,0,0,0,0,0,0,100
116100,1281,1298,1318,1349,0,0,0,0,0,0,0,0,0,0,0,0,100
116200,1284,1290,1304,1335,0,0,0,0,0,0,0,0,0,0,0,0,100
116300,1292,1295,1295,1324,0,0,0,0,0,0,0,0,0,0,0,0,100
116400,1290,1306,1293,1328,0,0,0,0,0,0,0,0,0,0,0,0,100
116500,1289,1294,1294,1341,0,0,0,0,0,0,0,0,0,0,0,0,100
116600,1288,1295,1308,1331,0,0,0,0,0,0,0,0,0,0,0,0,100
116700,1298,1293,1300,1331,0,0,0,0,0,0,0,0,0,0,0,0,100
116800,1295,1292,1303,1329,0,0,0,0,0,0,0,0,0,0,0,0,100
116900,1299,1303,1314,1334,0,0,0,0,0,0,0,0,0,0,0,0,100
117000,1290,1293,1290,1333,0,0,0,0,0,0,0,0,0,0,0,0,100
117100,1296,1303,1310,1338,0,0,0,0,0,0,0,0,0,0,0,0,100
117200,1291,1288,1298,1326,0,0,0,0,0,0,0,0,0,0,0,0,100
117300,1285,1288,1290,1327,0,0,0,0,0,0,0,0,0,0,0,0,100
117400,1279,1304,1294,1317,0,0,0,0,0,0,0,0,0,0,0,0,100
117500,1282,1299,1290,1328,0,0,0,0,0,0,0,0,0,0,0,0,100
117600,1287,1288,1290,1329,0,0,0,0,0,0,0,0,0,0,0,0,100
117700,1290,1290,1278,1328,0,0,0,0,0,0,0,0,0,0,0,0,100
117800,1293,1297,1295,1329,0,0,0,0,0,0,0,0,0,0,0,0,100
117900,1282,1302,1314,1324,0,0,0,0,0,0,0,0,0,0,0,0,100
118000,1285,1294,1296,1343,0,0,0,0,0,0,0,0,0,0,0,0,100
118100,1282,1301,1308,1343,0,0,0,0,0,0,0,0,0,0,0,0,100
118200,1296,1291,1315,1344,0,0,0,0,0,0,0,0,0,0,0,0,100
118300,1283,1285,1301,1337,0,0,0,0,0,0,0,0,0,0,0,0,100
118400,1301,1302,1316,1343,0,0,0,0,0,0,0,0,0,0,0,0,100
118500,1277,1296,1293,1324,0,0,0,0,0,0,0,0,0,0,0,0,100
118600,1288,1300,1310,1348,0,0,0,0,0,0,0,0,0,0,0,0,100
118700,1285,1293,1308,1336,0,0,0,0,0,0,0,0,0,0,0,0,100
118800,1292,1303,1304,1327,0,0,0,0,0,0,0,0,0,0,0,0,100
118900,1292,1295,1291,1336,0,0,0,0,0,0,0,0,0,0,0,0,100
119000,1275,1281,1309,1336,0,0,0,0,0,0,0,0,0,0,0,0,100
119100,1286,1297,1312,1347,0,0,0,0,0,0,0,0,0,0,0,0,100
119200,1307,1307,1307,1346,0,0,0,0,0,0,0,0,0,0,0,0,100
119300,1293,1311,1313,1329,0,0,0,0,0,0,0,0,0,0,0,0,100
119400,1304,1306,1303,1341,0,0,0,0,0,0,0,0,0,0,0,0,100
119500,1282,1301,1314,1341,0,0,0,0,0,0,0,0,0,0,0,0,100
119600,1278,1299,1311,1343,0,0,0,0,0,0,0,0,0,0,0,0,100
119700,1293,1300,1304,1341,0,0,0,0,0,0,0,0,0,0,0,0,100
119800,1298,1288,1299,1340,0,0,0,0,0,0,0,0,0,0,0,0,100
119900,1294,1305,1313,1342,0,0,0,0,0,0,0,0,0,0,0,0,100
120000,1286,1299,1293,1332,0,0,0,0,0,0,0,0,0,0,0,0,100
120100,1299,1305,1287,1339,0,0,0,0,0,0,0,0,0,0,0,0,100
120200,1295,1314,1335,1346,0,0,0,0,0,0,0,0,0,0,0,0,100
120300,1273,1280,1290,1327,0,0,0,0,0,0,0,0,0,0,0,0,100
120400,1276,1312,1301,1353,0,0,0,0,0,0,0,0,0,0,0,0,100
120500,1319,1305,1346,1344,0,0,0,0,0,0,0,0,0,0,0,0,100
120600,1272,1282,1275,1329,0,0,0,0,0,0,0,0,0,0,0,0,100
120700,1313,1313,1321,1355,0,0,0,0,0,0,0,0,0,0,0,0,100
120800,1282,1291,1288,1317,0,0,0,0,0,0,0,0,0,0,0,0,100
120900,1278,1310,1307,1359,0,0,0,0,0,0,0,0,0,0,0,0,100
121000,1276,1293,1306,1324,0,0,0,0,0,0,0,0,0,0,0,0,100
121100,1278,1296,1285,1319,0,0,0,0,0,0,0,0,0,0,0,0,100
121200,1302,1300,1300,1328,0,0,0,0,0,0,0,0,0,0,0,0,100
121300,1257,1273,1256,1297,0,0,0,0,0,0,0,0,0,0,0,0,100
121400,1251,1258,1271,1305,0,0,0,0,0,0,0,0,0,0,0,0,100
121500,1239,1251,1265,1299,0,0,0,0,0,0,0,0,0,0,0,0,100
121600,1269,1289,1285,1316,0,0,0,0,0,0,0,0,0,0,0,0,100
121700,1278,1288,1282,1310,0,0,0,0,0,0,0,0,0,0,0,0,100
121800,1282,1282,1292,1322,0,0,0,0,0,0,0,0,0,0,0,0,100
121900,1282,1287,1289,1332,0,0,0,0,0,0,0,0,0,0,0,0,100
122000,1289,1292,1296,1346,0,0,0,0,0,0,0,0,0,0,0,0,100
122100,1246,1317,1326,1312,0,0,0,0,0,0,0,0,0,0,0,0,100
122200,1282,1352,1319,1273,0,0,0,0,0,0,0,0,0,0,0,0,100
122300,1288,1265,1272,1333,0,0,0,0,0,0,0,0,0,0,0,0,100
122400,1270,1255,1304,1340,0,0,0,0,0,0,0,0,0,0,0,0,100
122500,1247,1289,1302,1316,0,0,0,0,0,0,0,0,0,0,0,0,100
122600,1265,1353,1317,1292,0,0,0,0,0,0,0,0,0,0,0,0,100
122700,1303,1308,1266,1305,0,0,0,0,0,0,0,0,0,0,0,0,100
122800,1303,1262,1296,1321,0,0,0,0,0,0,0,0,0,0,0,0,100
122900,1261,1280,1315,1338,0,0,0,0,0,0,0,0,0,0,0,0,100
123000,1287,1321,1333,1357,0,0,0,0,0,0,0,0,0,0,0,0,100
123100,1297,1294,1309,1326,0,0,0,0,0,0,0,0,0,0,0,0,100
123200,1304,1288,1280,1318,0,0,0,0,0,0,0,0,0,0,0,0,100
123300,1323,1286,1315,1346,0,0,0,0,0,0,0,0,0,0,0,0,100
123400,1264,1290,1290,1321,0,0,0,0,0,0,0,0,0,0,0,0,100
123500,1290,1306,1301,1348,0,0,0,0,0,0,0,0,0,0,0,0,100
123600,1293,1304,1311,1333,0,0,0,0,0,0,0,0,0,0,0,0,100
123700,1294,1284,1295,1310,0,0,0,0,0,0,0,0,0,0,0,0,100
123800,1285,1291,1292,1331,0,0,0,0,0,0,0,0,0,0,0,0,100
123900,1283,1300,1276,1334,0,0,0,0,0,0,0,0,0,0,0,0,100
124000,1299,1309,1295,1335,0,0,0,0,0,0,0,0,0,0,0,0,100
124100,1287,1281,1308,1333,0,0,0,0,0,0,0,0,0,0,0,0,100
124200,1277,1271,1298,1332,0,0,0,0,0,0,0,0,0,0,0,0,100
124300,1282,1291,1300,1329,0,0,0,0,0,0,0,0,0,0,0,0,100
124400,1283,1296,1284,1323,0,0,0,0,0,0,0,0,0,0,0,0,100
124500,1275,1302,1296,1344,0,0,0,0,0,0,0,0,0,0,0,0,100
124600,1292,1282,1307,1341,0,0,0,0,0,0,0,0,0,0,0,0,100
124700,1289,1287,1309,1325,0,0,0,0,0,0,0,0,0,0,0,0,100
124800,1296,1298,1301,1336,0,0,0,0,0,0,0,0,0,0,0,0,100
124900,1287,1295,1288,1332,0,0,0,0,0,0,0,0,0,0,0,0,100
125000,1291,1302,1316,1345,0,0,0,0,0,0,0,0,0,0,0,0,100
125100,1284,1290,1315,1340,0,0,0,0,0,0,0,0,0,0,0,0,100
125200,1289,1281,1288,1327,0,0,0,0,0,0,0,0,0,0,0,0,100
125300,1298,1324,1311,1333,0,0,0,0,0,0,0,0,0,0,0,0,100
125400,1283,1285,1305,1337,0,0,0,0,0,0,0,0,0,0,0,0,100
125500,1285,1278,1312,1356,0,0,0,0,0,0,0,0,0,0,0,0,100
125600,1266,1304,1307,1321,0,0,0,0,0,0,0,0,0,0,0,0,100
125700,1317,1300,1318,1347,0,0,0,0,0,0,0,0,0,0,0,0,100
125800,1290,1296,1306,1326,0,0,0,0,0,0,0,0,0,0,0,0,100
125900,1305,1328,1338,1375,0,0,0,0,0,0,0,0,0,0,0,0,100
126000,1348,1355,1368,1407,0,0,0,0,0,0,0,0,0,0,0,0,100
126100,1300,1288,1315,1339,0,0,0,0,0,0,0,0,0,0,0,0,100
126200,1301,1305,1307,1345,0,0,0,0,0,0,0,0,0,0,0,0,100
126300,1292,1296,1312,1346,0,0,0,0,0,0,0,0,0,0,0,0,100
126400,1279,1290,1315,1346,0,0,0,0,0,0,0,0,0,0,0,0,100
126500,1286,1301,1309,1338,0,0,0,0,0,0,0,0,0,0,0,0,100
126600,1290,1303,1303,1330,0,0,0,0,0,0,0,0,0,0,0,0,100
126700,1280,1290,1300,1336,0,0,0,0,0,0,0,0,0,0,0,0,100
126800,1272,1307,1305,1334,0,0,0,0,0,0,0,0,0,0,0,0,100
126900,1289,1300,1306,1343,0,0,0,0,0,0,0,0,0,0,0,0,100
127000,1284,1277,1304,1332,0,0,0,0,0,0,0,0,0,0,0,0,100
127100,1273,1288,1309,1332,0,0,0,0,0,0,0,0,0,0,0,0,100
127200,1279,1304,1291,1324,0,0,0,0,0,0,0,0,0,0,0,0,100
127300,1293,1296,1295,1335,0,0,0,0,0,0,0,0,0,0,0,0,100
127400,1288,1289,1307,1342,0,0,0,0,0,0,0,0,0,0,0,0,100
127500,1273,1279,1305,1333,0,0,0,0,0,0,0,0,0,0,0,0,100
127600,1283,1286,1282,1331,0,0,0,0,0,0,0,0,0,0,0,0,100
127700,1277,1291,1298,1324,0,0,0,0,0,0,0,0,0,0,0,0,100
127800,1283,1283,1288,1328,0,0,0,0,0,0,0,0,0,0,0,0,100
127900,1274,1298,1284,1331,0,0,0,0,0,0,0,0,0,0,0,0,100
128000,1276,1294,1307,1340,0,0,0,0,0,0,0,0,0,0,0,0,100
128100,1294,1297,1299,1324,0,0,0,0,0,0,0,0,0,0,0,0,100
128200,1304,1302,1280,1323,0,0,0,0,0,0,0,0,0,0,0,0,100
128300,1290,1308,1301,1336,0,0,0,0,0,0,0,0,0,0,0,0,100
128400,1284,1290,1300,1341,0,0,0,0,0,0,0,0,0,0,0,0,100
128500,1282,1299,1304,1345,0,0,0,0,0,0,0,0,0,0,0,0,100
128600,1281,1296,1300,1334,0,0,0,0,0,0,0,0,0,0,0,0,100
128700,1283,1304,1312,1344,0,0,0,0,0,0,0,0,0,0,0,0,100
128800,1295,1307,1309,1343,0,0,0,0,0,0,0,0,0,0,0,0,100
128900,1307,1291,1307,1346,0,0,0,0,0,0,0,0,0,0,0,0,100
129000,1282,1302,1313,1345,0,0,0,0,0,0,0,0,0,0,0,0,100
129100,1294,1301,1313,1350,0,0,0,0,0,0,0,0,0,0,0,0,100
129200,1295,1312,1306,1342,0,0,0,0,0,0,0,0,0,0,0,0,100
129300,1315,1314,1320,1352,0,0,0,0,0,0,0,0,0,0,0,0,100
129400,1286,1297,1310,1341,0,0,0,0,0,0,0,0,0,0,0,0,100
129500,1309,1315,1319,1362,0,0,0,0,0,0,0,0,0,0,0,0,100
129600,1290,1311,1320,1337,0,0,0,0,0,0,0,0,0,0,0,0,100
129700,1291,1286,1291,1346,0,0,0,0,0,0,0,0,0,0,0,0,100
129800,1305,1314,1322,1354,0,0,0,0,0,0,0,0,0,0,0,0,100
129900,1295,1301,1307,1335,0,0,0,0,0,0,0,0,0,0,0,0,100
130000,1287,1287,1304,1348,0,0,0,0,0,0,0,0,0,0,0,0,100
130100,1284,1302,1306,1338,0,0,0,0,0,0,0,0,0,0,0,0,100
130200,1282,1292,1300,1336,0,0,0,0,0,0,0,0,0,0,0,0,100
130300,1267,1290,1306,1332,0,0,0,0,0,0,0,0,0,0,0,0,100
130400,1282,1285,1294,1337,0,0,0,0,0,0,0,0,0,0,0,0,100
130500,1279,1293,1291,1327,0,0,0,0,0,0,0,0,0,0,0,0,100
130600,1281,1289,1275,1325,0,0,0,0,0,0,0,0,0,0,0,0,100
130700,1276,1305,1297,1324,0,0,0,0,0,0,0,0,0,0,0,0,100
130800,1286,1302,1301,1326,0,0,0,0,0,0,0,0,0,0,0,0,100
130900,1275,1276,1290,1316,0,0,0,0,0,0,0,0,0,0,0,0,100
131000,1272,1279,1290,1333,0,0,0,0,0,0,0,0,0,0,0,0,100
131100,1275,1283,1294,1325,0,0,0,0,0,0,0,0,0,0,0,0,100
131200,1284,1301,1294,1323,0,0,0,0,0,0,0,0,0,0,0,0,100
131300,1274,1284,1294,1335,0,0,0,0,0,0,0,0,0,0,0,0,100
131400,1270,1277,1311,1345,0,0,0,0,0,0,0,0,0,0,0,0,100
131500,1274,1296,1299,1330,0,0,0,0,0,0,0,0,0,0,0,0,100
131600,1280,1293,1298,1335,0,0,0,0,0,0,0,0,0,0,0,0,100
131700,1285,1291,1308,1334,0,0,0,0,0,0,0,0,0,0,0,0,100
131800,1266,1281,1290,1329,0,0,0,0,0,0,0,0,0,0,0,0,100
131900,1275,1291,1317,1347,0,0,0,0,0,0,0,0,0,0,0,0,100
132000,1266,1284,1301,1335,0,0,0,0,0,0,0,0,0,0,0,0,100
132100,1291,1303,1307,1337,0,0,0,0,0,0,0,0,0,0,0,0,100
132200,1281,1287,1301,1320,0,0,0,0,0,0,0,0,0,0,0,0,100
132300,1282,1295,1307,1326,0,0,0,0,0,0,0,0,0,0,0,0,100
132400,1280,1303,1299,1324,0,0,0,0,0,0,0,0,0,0,0,0,100
132500,1280,1305,1287,1330,0,0,0,0,0,0,0,0,0,0,0,0,100
132600,1296,1309,1317,1344,0,0,0,0,0,0,0,0,0,0,0,0,100
132700,1269,1283,1321,1336,0,0,0,0,0,0,0,0,0,0,0,0,100
132800,1269,1287,1319,1347,0,0,0,0,0,0,0,0,0,0,0,0,100
132900,1282,1308,1314,1338,0,0,0,0,0,0,0,0,0,0,0,0,100
133000,1280,1301,1303,1338,0,0,0,0,0,0,0,0,0,0,0,0,100
133100,1283,1287,1307,1341,0,0,0,0,0,0,0,0,0,0,0,0,100
133200,1265,1287,1312,1334,0,0,0,0,0,0,0,0,0,0,0,0,100
133300,1285,1289,1308,1344,0,0,0,0,0,0,0,0,0,0,0,0,100
133400,1269,1294,1308,1332,0,0,0,0,0,0,0,0,0,0,0,0,100
133500,1293,1308,1296,1336,0,0,0,0,0,0,0,0,0,0,0,0,100
133600,1284,1295,1300,1328,0,0,0,0,0,0,0,0,0,0,0,0,100
133700,1287,1298,1321,1348,0,0,0,0,0,0,0,0,0,0,0,0,100
133800,1272,1287,1320,1335,0,0,0,0,0,0,0,0,0,0,0,0,100
133900,1283,1291,1293,1331,0,0,0,0,0,0,0,0,0,0,0,0,100
134000,1289,1307,1307,1336,0,0,0,0,0,0,0,0,0,0,0,0,100
134100,1280,1295,1301,1338,0,0,0,0,0,0,0,0,0,0,0,0,100
134200,1285,1297,1319,1341,0,0,0,0,0,0,0,0,0,0,0,0,100
134300,1276,1288,1301,1328,0,0,0,0,0,0,0,0,0,0,0,0,100
134400,1295,1313,1304,1339,0,0,0,0,0,0,0,0,0,0,0,0,100
134500,1284,1286,1297,1334,0,0,0,0,0,0,0,0,0,0,0,0,100
134600,1279,1298,1325,1340,0,0,0,0,0,0,0,0,0,0,0,0,100
134700,1284,1284,1293,1337,0,0,0,0,0,0,0,0,0,0,0,0,100
134800,1280,1305,1306,1335,0,0,0,0,0,0,0,0,0,0,0,0,100
134900,1284,1293,1298,1347,0,0,0,0,0,0,0,0,0,0,0,0,100
135000,1285,1285,1320,1344,0,0,0,0,0,0,0,0,0,0,0,0,100
135100,1263,1275,1294,1338,0,0,0,0,0,0,0,0,0,0,0,0,100
135200,1286,1298,1318,1347,0,0,0,0,0,0,0,0,0,0,0,0,100
135300,1278,1295,1292,1333,0,0,0,0,0,0,0,0,0,0,0,0,100
135400,1288,1306,1299,1333,0,0,0,0,0,0,0,0,0,0,0,0,100
135500,1290,1293,1300,1335,0,0,0,0,0,0,0,0,0,0,0,0,100
135600,1272,1283,1308,1335,0,0,0,0,0,0,0,0,0,0,0,0,100
135700,1273,1282,1298,1329,0,0,0,0,0,0,0,0,0,0,0,0,100
135800,1275,1295,1299,1337,0,0,0,0,0,0,0,0,0,0,0,0,100
135900,1275,1298,1298,1335,0,0,0,0,0,0,0,0,0,0,0,0,100
136000,1281,1295,1303,1350,0,0,0,0,0,0,0,0,0,0,0,0,100
136100,1283,1289,1311,1339,0,0,0,0,0,0,0,0,0,0,0,0,100
136200,1281,1292,1321,1337,0,0,0,0,0,0,0,0,0,0,0,0,100
136300,1278,1297,1302,1341,0,0,0,0,0,0,0,0,0,0,0,0,100
136400,1280,1297,1302,1344,0,0,0,0,0,0,0,0,0,0,0,0,100
136500,1281,1295,1299,1340,0,0,0,0,0,0,0,0,0,0,0,0,100
136600,1279,1284,1313,1341,0,0,0,0,0,0,0,0,0,0,0,0,100
136700,1273,1289,1316,1343,0,0,0,0,0,0,0,0,0,0,0,0,100
136800,1276,1298,1315,1349,0,0,0,0,0,0,0,0,0,0,0,0,100
136900,1278,1298,1304,1338,0,0,0,0,0,0,0,0,0,0,0,0,100
137000,1292,1298,1313,1343,0,0,0,0,0,0,0,0,0,0,0,0,100
137100,1272,1283,1310,1333,0,0,0,0,0,0,0,0,0,0,0,0,100
137200,1272,1286,1301,1339,0,0,0,0,0,0,0,0,0,0,0,0,100
137300,1275,1297,1315,1331,0,0,0,0,0,0,0,0,0,0,0,0,100
137400,1267,1266,1311,1338,0,0,0,0,0,0,0,0,0,0,0,0,100
137500,1259,1275,1294,1318,0,0,0,0,0,0,0,0,0,0,0,0,100
137600,1283,1302,1297,1316,0,0,0,0,0,0,0,0,0,0,0,0,100
137700,1272,1282,1283,1321,0,0,0,0,0,0,0,0,0,0,0,0,100
137800,1284,1290,1307,1340,0,0,0,0,0,0,0,0,0,0,0,0,100
137900,1261,1265,1302,1330,0,0,0,0,0,0,0,0,0,0,0,0,100
138000,1270,1295,1321,1332,0,0,0,0,0,0,0,0,0,0,0,0,100
138100,1276,1289,1307,1353,0,0,0,0,0,0,0,0,0,0,0,0,100
138200,1276,1301,1313,1344,0,0,0,0,0,0,0,0,0,0,0,0,100
138300,1277,1293,1314,1338,0,0,0,0,0,0,0,0,0,0,0,0,100
138400,1288,1299,1311,1340,0,0,0,0,0,0,0,0,0,0,0,0,100
138500,1272,1292,1299,1339,0,0,0,0,0,0,0,0,0,0,0,0,100
138600,1296,1311,1336,1359,0,0,0,0,0,0,0,0,0,0,0,0,100
138700,1271,1293,1318,1349,0,0,0,0,0,0,0,0,0,0,0,0,100
138800,1295,1308,1314,1349,0,0,0,0,0,0,0,0,0,0,0,0,100
138900,1279,1294,1310,1339,0,0,0,0,0,0,0,0,0,0,0,0,100
139000,1289,1310,1319,1348,0,0,0,0,0,0,0,0,0,0,0,0,100
139100,1292,1309,1315,1346,0,0,0,0,0,0,0,0,0,0,0,0,100
139200,1291,1300,1319,1352,0,0,0,0,0,0,0,0,0,0,0,0,100
139300,1290,1299,1311,1341,0,0,0,0,0,0,0,0,0,0,0,0,100
139400,1294,1312,1314,1350,0,0,0,0,0,0,0,0,0,0,0,0,100
139500,1295,1306,1305,1344,0,0,0,0,0,0,0,0,0,0,0,0,100
139600,1308,1293,1312,1341,0,0,0,0,0,0,0,0,0,0,0,0,100
139700,1285,1302,1306,1337,0,0,0,0,0,0,0,0,0,0,0,0,100
139800,1296,1303,1306,1345,0,0,0,0,0,0,0,0,0,0,0,0,100
139900,1286,1311,1304,1334,0,0,0,0,0,0,0,0,0,0,0,0,100
140000,1284,1300,1302,1340,0,0,0,0,0,0,0,0,0,0,0,0,100
140100,1267,1289,1306,1336,0,0,0,0,0,0,0,0,0,0,0,0,100
140200,1285,1304,1306,1330,0,0,0,0,0,0,0,0,0,0,0,0,100
140300,1293,1302,1293,1318,0,0,0,0,0,0,0,0,0,0,0,0,100
140400,1295,1305,1302,1332,0,0,0,0,0,0,0,0,0,0,0,0,100
140500,1276,1283,1295,1328,0,0,0,0,0,0,0,0,0,0,0,0,100
140600,1275,1292,1299,1336,0,0,0,0,0,0,0,0,0,0,0,0,100
140700,1283,1297,1305,1340,0,0,0,0,0,0,0,0,0,0,0,0,100
140800,1286,1287,1321,1328,0,0,0,0,0,0,0,0,0,0,0,0,100
140900,1262,1281,1292,1335,0,0,0,0,0,0,0,0,0,0,0,0,100
141000,1289,1294,1300,1344,0,0,0,0,0,0,0,0,0,0,0,0,100
141100,1272,1286,1304,1332,0,0,0,0,0,0,0,0,0,0,0,0,100
141200,1280,1287,1319,1336,0,0,0,0,0,0,0,0,0,0,0,0,100
141300,1276,1279,1302,1330,0,0,0,0,0,0,0,0,0,0,0,0,100
141400,1288,1296,1294,1332,0,0,0,0,0,0,0,0,0,0,0,0,100
141500,1279,1299,1292,1324,0,0,0,0,0,0,0,0,0,0,0,0,100
141600,1291,1304,1304,1339,0,0,0,0,0,0,0,0,0,0,0,0,100
141700,1283,1289,1326,1340,0,0,0,0,0,0,0,0,0,0,0,0,100
141800,1278,1274,1294,1340,0,0,0,0,0,0,0,0,0,0,0,0,100
141900,1289,1301,1303,1337,0,0,0,0,0,0,0,0,0,0,0,0,100
142000,1284,1298,1284,1316,0,0,0,0,0,0,0,0,0,0,0,0,100
142100,1294,1309,1309,1342,0,0,0,0,0,0,0,0,0,0,0,0,100
142200,1278,1288,1302,1343,0,0,0,0,0,0,0,0,0,0,0,0,100
142300,1281,1289,1304,1336,0,0,0,0,0,0,0,0,0,0,0,0,100
142400,1278,1306,1297,1321,0,0,0,0,0,0,0,0,0,0,0,0,100
142500,1291,1301,1314,1336,0,0,0,0,0,0,0,0,0,0,0,0,100
142600,1286,1299,1298,1319,0,0,0,0,0,0,0,0,0,0,0,0,100
142700,1280,1312,1284,1322,0,0,0,0,0,0,0,0,0,0,0,0,100
142800,1283,1293,1295,1335,0,0,0,0,0,0,0,0,0,0,0,0,100
142900,1280,1282,1315,1342,0,0,0,0,0,0,0,0,0,0,0,0,100
143000,1282,1294,1310,1340,0,0,0,0,0,0,0,0,0,0,0,0,100
143100,1285,1308,1299,1331,0,0,0,0,0,0,0,0,0,0,0,0,100
143200,1301,1312,1305,1336,0,0,0,0,0,0,0,0,0,0,0,0,100
143300,1284,1288,1302,1331,0,0,0,0,0,0,0,0,0,0,0,0,100
143400,1276,1292,1304,1338,0,0,0,0,0,0,0,0,0,0,0,0,100
143500,1277,1299,1294,1332,0,0,0,0,0,0,0,0,0,0,0,0,100
143600,1299,1300,1312,1335,0,0,0,0,0,0,0,0,0,0,0,0,100
143700,1290,1293,1304,1327,0,0,0,0,0,0,0,0,0,0,0,0,100
143800,1293,1294,1318,1340,0,0,0,0,0,0,0,0,0,0,0,0,100
143900,1283,1294,1310,1348,0,0,0,0,0,0,0,0,0,0,0,0,100
144000,1285,1297,1317,1340,0,0,0,0,0,0,0,0,0,0,0,0,100
144100,1283,1298,1300,1333,0,0,0,0,0,0,0,0,0,0,0,0,100
144200,1295,1303,1309,1334,0,0,0,0,0,0,0,0,0,0,0,0,100
144300,1288,1291,1305,1331,0,0,0,0,0,0,0,0,0,0,0,0,100
144400,1277,1292,1301,1336,0,0,0,0,0,0,0,0,0,0,0,0,100
144500,1280,1287,1303,1344,0,0,0,0,0,0,0,0,0,0,0,0,100
144600,1276,1294,1323,1345,0,0,0,0,0,0,0,0,0,0,0,0,100
144700,1278,1282,1298,1340,0,0,0,0,0,0,0,0,0,0,0,0,100
144800,1282,1301,1311,1340,0,0,0,0,0,0,0,0,0,0,0,0,100
144900,1293,1293,1317,1327,0,0,0,0,0,0,0,0,0,0,0,0,100
145000,1287,1290,1286,1331,0,0,0,0,0,0,0,0,0,0,0,0,100
145100,1289,1302,1302,1332,0,0,0,0,0,0,0,0,0,0,0,0,100
145200,1264,1301,1307,1338,0,0,0,0,0,0,0,0,0,0,0,0,100
145300,1269,1308,1295,1325,0,0,0,0,0,0,0,0,0,0,0,0,100
145400,1301,1291,1301,1334,0,0,0,0,0,0,0,0,0,0,0,0,100
145500,1285,1285,1301,1335,0,0,0,0,0,0,0,0,0,0,0,0,100
145600,1268,1284,1307,1335,0,0,0,0,0,0,0,0,0,0,0,0,100
145700,1279,1302,1320,1340,0,0,0,0,0,0,0,0,0,0,0,0,100
145800,1274,1284,1295,1329,0,0,0,0,0,0,0,0,0,0,0,0,100
145900,1295,1299,1299,1333,0,0,0,0,0,0,0,0,0,0,0,0,100
146000,1282,1307,1300,1333,0,0,0,0,0,0,0,0,0,0,0,0,100
146100,1282,1306,1303,1339,0,0,0,0,0,0,0,0,0,0,0,0,100
146200,1278,1286,1300,1334,0,0,0,0,0,0,0,0,0,0,0,0,100
146300,1285,1292,1323,1347,0,0,0,0,0,0,0,0,0,0,0,0,100
146400,1280,1286,1304,1332,0,0,0,0,0,0,0,0,0,0,0,0,100
146500,1283,1292,1306,1341,0,0,0,0,0,0,0,0,0,0,0,0,100
146600,1284,1298,1314,1329,0,0,0,0,0,0,0,0,0,0,0,0,100
146700,1280,1294,1296,1324,0,0,0,0,0,0,0,0,0,0,0,0,100
146800,1287,1300,1300,1334,0,0,0,0,0,0,0,0,0,0,0,0,100
146900,1275,1288,1307,1336,0,0,0,0,0,0,0,0,0,0,0,0,100
147000,1281,1286,1306,1345,0,0,0,0,0,0,0,0,0,0,0,0,100
147100,1281,1294,1310,1326,0,0,0,0,0,0,0,0,0,0,0,0,100
147200,1286,1290,1306,1335,0,0,0,0,0,0,0,0,0,0,0,0,100
147300,1277,1289,1298,1327,0,0,0,0,0,0,0,0,0,0,0,0,100
147400,1278,1291,1289,1324,0,0,0,0,0,0,0,0,0,0,0,0,100
147500,1272,1284,1279,1327,0,0,0,0,0,0,0,0,0,0,0,0,100
147600,1276,1283,1295,1324,0,0,0,0,0,0,0,0,0,0,0,0,100
147700,1272,1276,1291,1319,0,0,0,0,0,0,0,0,0,0,0,0,100
147800,1276,1290,1309,1328,0,0,0,0,0,0,0,0,0,0,0,0,100
147900,1268,1282,1296,1324,0,0,0,0,0,0,0,0,0,0,0,0,100
148000,1281,1295,1299,1350,0,0,0,0,0,0,0,0,0,0,0,0,100
148100,1277,1289,1297,1343,0,0,0,0,0,0,0,0,0,0,0,0,100
148200,1284,1287,1316,1336,0,0,0,0,0,0,0,0,0,0,0,0,100
148300,1277,1294,1299,1340,0,0,0,0,0,0,0,0,0,0,0,0,100
148400,1302,1313,1325,1354,0,0,0,0,0,0,0,0,0,0,0,0,100
148500,1286,1296,1304,1340,0,0,0,0,0,0,0,0,0,0,0,0,100
148600,1293,1308,1320,1341,0,0,0,0,0,0,0,0,0,0,0,0,100
148700,1284,1304,1305,1332,0,0,0,0,0,0,0,0,0,0,0,0,100
148800,1297,1310,1306,1341,0,0,0,0,0,0,0,0,0,0,0,0,100
148900,1289,1289,1314,1346,0,0,0,0,0,0,0,0,0,0,0,0,100
149000,1308,1294,1310,1342,0,0,0,0,0,0,0,0,0,0,0,0,100
149100,1280,1303,1306,1333,0,0,0,0,0,0,0,0,0,0,0,0,100
149200,1291,1296,1313,1350,0,0,0,0,0,0,0,0,0,0,0,0,100
149300,1279,1282,1305,1340,0,0,0,0,0,0,0,0,0,0,0,0,100
149400,1291,1297,1299,1327,0,0,0,0,0,0,0,0,0,0,0,0,100
149500,1271,1292,1294,1325,0,0,0,0,0,0,0,0,0,0,0,0,100
149600,1272,1288,1278,1328,0,0,0,0,0,0,0,0,0,0,0,0,100
149700,1295,1306,1295,1323,0,0,0,0,0,0,0,0,0,0,0,0,100
149800,1293,1289,1285,1323,0,0,0,0,0,0,0,0,0,0,0,0,100
149900,1272,1297,1284,1329,0,0,0,0,0,0,0,0,0,0,0,0,100
150000,1299,1300,1299,1348,0,0,0,0,0,0,0,0,0,0,0,0,100
150100,1294,1298,1319,1339,0,0,0,0,0,0,0,0,0,0,0,0,100
150200,1296,1282,1310,1350,0,0,0,0,0,0,0,0,0,0,0,0,100
150300,1297,1308,1319,1346,0,0,0,0,0,0,0,0,0,0,0,0,100
150400,1288,1305,1309,1344,0,0,0,0,0,0,0,0,0,0,0,0,100
150500,1301,1316,1305,1340,0,0,0,0,0,0,0,0,0,0,0,0,100
150600,1303,1308,1309,1345,0,0,0,0,0,0,0,0,0,0,0,0,100
150700,1293,1299,1311,1347,0,0,0,0,0,0,0,0,0,0,0,0,100
150800,1296,1302,1316,1348,0,0,0,0,0,0,0,0,0,0,0,0,100
150900,1292,1304,1309,1345,0,0,0,0,0,0,0,0,0,0,0,0,100
151000,1302,1315,1313,1344,0,0,0,0,0,0,0,0,0,0,0,0,100
151100,1287,1293,1299,1346,0,0,0,0,0,0,0,0,0,0,0,0,100
151200,1293,1307,1338,1355,0,0,0,0,0,0,0,0,0,0,0,0,100
151300,1280,1277,1309,1355,0,0,0,0,0,0,0,0,0,0,0,0,100
151400,1292,1300,1309,1350,0,0,0,0,0,0,0,0,0,0,0,0,100
151500,1282,1292,1300,1332,0,0,0,0,0,0,0,0,0,0,0,0,100
151600,1294,1306,1306,1347,0,0,0,0,0,0,0,0,0,0,0,0,100
151700,1285,1301,1303,1344,0,0,0,0,0,0,0,0,0,0,0,0,100
151800,1288,1296,1302,1332,0,0,0,0,0,0,0,0,0,0,0,0,100
151900,1288,1302,1298,1334,0,0,0,0,0,0,0,0,0,0,0,0,100
152000,1274,1303,1301,1335,0,0,0,0,0,0,0,0,0,0,0,0,100
152100,1287,1290,1306,1347,0,0,0,0,0,0,0,0,0,0,0,0,100
152200,1280,1278,1313,1344,0,0,0,0,0,0,0,0,0,0,0,0,100
152300,1281,1291,1291,1331,0,0,0,0,0,0,0,0,0,0,0,0,100
152400,1288,1302,1303,1333,0,0,0,0,0,0,0,0,0,0,0,0,100
152500,1279,1302,1307,1326,0,0,0,0,0,0,0,0,0,0,0,0,100
152600,1295,1296,1302,1337,0,0,0,0,0,0,0,0,0,0,0,0,100
152700,1269,1276,1319,1346,0,0,0,0,0,0,0,0,0,0,0,0,100
152800,1266,1284,1312,1345,0,0,0,0,0,0,0,0,0,0,0,0,100
152900,1289,1302,1313,1342,0,0,0,0,0,0,0,0,0,0,0,0,100
153000,1285,1298,1284,1316,0,0,0,0,0,0,0,0,0,0,0,0,100
153100,1294,1294,1301,1337,0,0,0,0,0,0,0,0,0,0,0,0,100
153200,1288,1299,1307,1335,0,0,0,0,0,0,0,0,0,0,0,0,100
153300,1277,1290,1305,1338,0,0,0,0,0,0,0,0,0,0,0,0,100
153400,1282,1296,1299,1337,0,0,0,0,0,0,0,0,0,0,0,0,100
153500,1284,1302,1311,1333,0,0,0,0,0,0,0,0,0,0,0,0,100
153600,1288,1289,1303,1334,0,0,0,0,0,0,0,0,0,0,0,0,100
153700,1270,1279,1304,1333,0,0,0,0,0,0,0,0,0,0,0,0,100
153800,1282,1296,1315,1349,0,0,0,0,0,0,0,0,0,0,0,0,100
153900,1264,1291,1308,1342,0,0,0,0,0,0,0,0,0,0,0,0,100
154000,1279,1290,1305,1332,0,0,0,0,0,0,0,0,0,0,0,0,100
154100,1295,1303,1301,1324,0,0,0,0,0,0,0,0,0,0,0,0,100
154200,1290,1301,1300,1330,0,0,0,0,0,0,0,0,0,0,0,0,100
154300,1279,1289,1307,1342,0,0,0,0,0,0,0,0,0,0,0,0,100
154400,1282,1302,1323,1347,0,0,0,0,0,0,0,0,0,0,0,0,100
154500,1291,1300,1302,1336,0,0,0,0,0,0,0,0,0,0,0,0,100
154600,1297,1301,1307,1324,0,0,0,0,0,0,0,0,0,0,0,0,100
154700,1283,1296,1286,1329,0,0,0,0,0,0,0,0,0,0,0,0,100
154800,1285,1300,1313,1351,0,0,0,0,0,0,0,0,0,0,0,0,100
154900,1273,1297,1309,1343,0,0,0,0,0,0,0,0,0,0,0,0,100
155000,1285,1298,1309,1330,0,0,0,0,0,0,0,0,0,0,0,0,100
155100,1273,1294,1291,1316,0,0,0,0,0,0,0,0,0,0,0,0,100
155200,1282,1299,1308,1337,0,0,0,0,0,0,0,0,0,0,0,0,100
155300,1278,1301,1313,1329,0,0,0,0,0,0,0,0,0,0,0,0,100
155400,1291,1298,1309,1340,0,0,0,0,0,0,0,0,0,0,0,0,100
155500,1281,1286,1282,1321,0,0,0,0,0,0,0,0,0,0,0,0,100
155600,1289,1312,1310,1331,0,0,0,0,0,0,0,0,0,0,0,0,100
155700,1280,1294,1310,1346,0,0,0,0,0,0,0,0,0,0,0,0,100
155800,1286,1299,1292,1333,0,0,0,0,0,0,0,0,0,0,0,0,100
155900,1295,1303,1290,1342,0,0,0,0,0,0,0,0,0,0,0,0,100
156000,1266,1279,1297,1332,0,0,0,0,0,0,0,0,0,0,0,0,100
156100,1279,1293,1313,1341,0,0,0,0,0,0,0,0,0,0,0,0,100
156200,1286,1298,1309,1324,0,0,0,0,0,0,0,0,0,0,0,0,100
156300,1266,1307,1307,1326,0,0,0,0,0,0,0,0,0,0,0,0,100
156400,1297,1302,1292,1339,0,0,0,0,0,0,0,0,0,0,0,0,100
156500,1294,1309,1303,1341,0,0,0,0,0,0,0,0,0,0,0,0,100
156600,1289,1304,1335,1353,0,0,0,0,0,0,0,0,0,0,0,0,100
156700,1261,1297,1326,1314,0,0,0,0,0,0,0,0,0,0,0,0,100
156800,1303,1318,1308,1320,0,0,0,0,0,0,0,0,0,0,0,0,100
156900,1298,1298,1291,1330,0,0,0,0,0,0,0,0,0,0,0,0,100
157000,1268,1285,1315,1342,0,0,0,0,0,0,0,0,0,0,0,0,100
157100,1268,1293,1320,1341,0,0,0,0,0,0,0,0,0,0,0,0,100
157200,1290,1325,1306,1312,0,0,0,0,0,0,0,0,0,0,0,0,100
157300,1312,1318,1293,1330,0,0,0,0,0,0,0,0,0,0,0,0,100
157400,1281,1291,1305,1333,0,0,0,0,0,0,0,0,0,0,0,0,100
157500,1273,1286,1319,1344,0,0,0,0,0,0,0,0,0,0,0,0,100
157600,1278,1292,1306,1342,0,0,0,0,0,0,0,0,0,0,0,0,100
157700,1273,1300,1307,1323,0,0,0,0,0,0,0,0,0,0,0,0,100
157800,1288,1283,1292,1331,0,0,0,0,0,0,0,0,0,0,0,0,100
157900,1261,1284,1297,1324,0,0,0,0,0,0,0,0,0,0,0,0,100
158000,1277,1289,1299,1330,0,0,0,0,0,0,0,0,0,0,0,0,100
158100,1267,1279,1292,1332,0,0,0,0,0,0,0,0,0,0,0,0,100
158200,1276,1291,1308,1339,0,0,0,0,0,0,0,0,0,0,0,0,100
158300,1273,1283,1292,1314,0,0,0,0,0,0,0,0,0,0,0,0,100
158400,1298,1302,1303,1331,0,0,0,0,0,0,0,0,0,0,0,0,100
158500,1285,1294,1301,1330,0,0,0,0,0,0,0,0,0,0,0,0,100
158600,1280,1303,1303,1328,0,0,0,0,0,0,0,0,0,0,0,0,100
158700,1291,1312,1307,1340,0,0,0,0,0,0,0,0,0,0,0,0,100
158800,1286,1292,1304,1328,0,0,0,0,0,0,0,0,0,0,0,0,100
158900,1270,1284,1308,1340,0,0,0,0,0,0,0,0,0,0,0,0,100
159000,1290,1315,1322,1343,0,0,0,0,0,0,0,0,0,0,0,0,100
159100,1261,1305,1299,1313,0,0,0,0,0,0,0,0,0,0,0,0,100
159200,1297,1303,1315,1355,0,0,0,0,0,0,0,0,0,0,0,0,100
159300,1277,1270,1296,1343,0,0,0,0,0,0,0,0,0,0,0,0,100
159400,1289,1300,1318,1339,0,0,0,0,0,0,0,0,0,0,0,0,100
159500,1290,1306,1290,1315,0,0,0,0,0,0,0,0,0,0,0,0,100
159600,1287,1299,1296,1331,0,0,0,0,0,0,0,0,0,0,0,0,100
159700,1270,1280,1321,1343,0,0,0,0,0,0,0,0,0,0,0,0,100
159800,1283,1290,1304,1325,0,0,0,0,0,0,0,0,0,0,0,0,100
159900,1300,1308,1293,1325,0,0,0,0,0,0,0,0,0,0,0,0,100
160000,1296,1305,1308,1341,0,0,0,0,0,0,0,0,0,0,0,0,100
160100,1277,1295,1332,1357,0,0,0,0,0,0,0,0,0,0,0,0,100
160200,1292,1307,1307,1348,0,0,0,0,0,0,0,0,0,0,0,0,100
160300,1314,1327,1314,1323,0,0,0,0,0,0,0,0,0,0,0,0,100
160400,1296,1303,1299,1336,0,0,0,0,0,0,0,0,0,0,0,0,100
160500,1292,1295,1313,1351,0,0,0,0,0,0,0,0,0,0,0,0,100
160600,1287,1299,1331,1357,0,0,0,0,0,0,0,0,0,0,0,0,100
160700,1281,1298,1327,1340,0,0,0,0,0,0,0,0,0,0,0,0,100
160800,1285,1307,1311,1327,0,0,0,0,0,0,0,0,0,0,0,0,100
160900,1295,1305,1292,1338,0,0,0,0,0,0,0,0,0,0,0,0,100
161000,1290,1310,1312,1338,0,0,0,0,0,0,0,0,0,0,0,0,100
161100,1289,1295,1306,1340,0,0,0,0,0,0,0,0,0,0,0,0,100
161200,1298,1303,1313,1345,0,0,0,0,0,0,0,0,0,0,0,0,100
161300,1287,1296,1313,1342,0,0,0,0,0,0,0,0,0,0,0,0,100
161400,1275,1292,1301,1342,0,0,0,0,0,0,0,0,0,0,0,0,100
161500,1299,1307,1306,1343,0,0,0,0,0,0,0,0,0,0,0,0,100
161600,1277,1279,1286,1311,0,0,0,0,0,0,0,0,0,0,0,0,100
161700,1294,1287,1308,1342,0,0,0,0,0,0,0,0,0,0,0,0,100
161800,1272,1288,1300,1325,0,0,0,0,0,0,0,0,0,0,0,0,100
161900,1252,1267,1255,1304,0,0,0,0,0,0,0,0,0,0,0,0,100
162000,1238,1254,1241,1284,0,0,0,0,0,0,0,0,0,0,0,0,100
162100,1235,1232,1253,1278,0,0,0,0,0,0,0,0,0,0,0,0,100
162200,1248,1255,1271,1295,0,0,0,0,0,0,0,0,0,0,0,0,100
162300,1279,1284,1282,1310,0,0,0,0,0,0,0,0,0,0,0,0,100
162400,1278,1290,1285,1313,0,0,0,0,0,0,0,0,0,0,0,0,100
162500,1278,1282,1287,1323,0,0,0,0,0,0,0,0,0,0,0,0,100
162600,1289,1293,1305,1335,0,0,0,0,0,0,0,0,0,0,0,0,100
162700,1287,1296,1319,1324,0,0,0,0,0,0,0,0,0,0,0,0,100
162800,1274,1287,1289,1340,0,0,0,0,0,0,0,0,0,0,0,0,100
162900,1290,1288,1318,1346,0,0,0,0,0,0,0,0,0,0,0,0,100
163000,1267,1283,1291,1317,0,0,0,0,0,0,0,0,0,0,0,0,100
163100,1284,1293,1300,1329,0,0,0,0,0,0,0,0,0,0,0,0,100
163200,1270,1288,1299,1333,0,0,0,0,0,0,0,0,0,0,0,0,100
163300,1263,1282,1295,1330,0,0,0,0,0,0,0,0,0,0,0,0,100
163400,1274,1282,1299,1331,0,0,0,0,0,0,0,0,0,0,0,0,100
163500,1276,1286,1287,1321,0,0,0,0,0,0,0,0,0,0,0,0,100
163600,1279,1295,1285,1328,0,0,0,0,0,0,0,0,0,0,0,0,100
163700,1276,1299,1294,1337,0,0,0,0,0,0,0,0,0,0,0,0,100
163800,1281,1289,1282,1319,0,0,0,0,0,0,0,0,0,0,0,0,100
163900,1288,1295,1311,1332,0,0,0,0,0,0,0,0,0,0,0,0,100
164000,1280,1283,1314,1338,0,0,0,0,0,0,0,0,0,0,0,0,100
164100,1277,1289,1283,1321,0,0,0,0,0,0,0,0,0,0,0,0,100
164200,1297,1303,1297,1337,0,0,0,0,0,0,0,0,0,0,0,0,100
164300,1272,1301,1303,1334,0,0,0,0,0,0,0,0,0,0,0,0,100
164400,1282,1290,1294,1324,0,0,0,0,0,0,0,0,0,0,0,0,100
164500,1285,1288,1289,1332,0,0,0,0,0,0,0,0,0,0,0,0,100
164600,1283,1277,1274,1335,0,0,0,0,0,0,0,0,0,0,0,0,100
164700,1296,1301,1314,1335,0,0,0,0,0,0,0,0,0,0,0,0,100
164800,1264,1281,1284,1337,0,0,0,0,0,0,0,0,0,0,0,0,100
164900,1317,1314,1331,1364,0,0,0,0,0,0,0,0,0,0,0,0,100
165000,1256,1274,1261,1295,0,0,0,0,0,0,0,0,0,0,0,0,100
165100,1328,1318,1326,1354,0,0,0,0,0,0,0,0,0,0,0,0,100
165200,1251,1273,1273,1310,0,0,0,0,0,0,0,0,0,0,0,0,100
165300,1300,1300,1319,1359,0,0,0,0,0,0,0,0,0,0,0,0,100
165400,1271,1288,1304,1335,0,0,0,0,0,0,0,0,0,0,0,0,100
165500,1292,1293,1315,1345,0,0,0,0,0,0,0,0,0,0,0,0,100
165600,1285,1302,1307,1316,0,0,0,0,0,0,0,0,0,0,0,0,100
165700,1303,1309,1290,1327,0,0,0,0,0,0,0,0,0,0,0,0,100
165800,1301,1314,1307,1332,0,0,0,0,0,0,0,0,0,0,0,0,100
165900,1298,1293,1296,1335,0,0,0,0,0,0,0,0,0,0,0,0,100
166000,1285,1291,1326,1348,0,0,0,0,0,0,0,0,0,0,0,0,100
166100,1275,1285,1297,1337,0,0,0,0,0,0,0,0,0,0,0,0,100
166200,1303,1317,1310,1337,0,0,0,0,0,0,0,0,0,0,0,0,100
166300,1284,1289,1285,1324,0,0,0,0,0,0,0,0,0,0,0,0,100
166400,1281,1314,1315,1323,0,0,0,0,0,0,0,0,0,0,0,0,100
166500,1271,1289,1272,1318,0,0,0,0,0,0,0,0,0,0,0,0,100
166600,1304,1303,1303,1329,0,0,0,0,0,0,0,0,0,0,0,0,100
166700,1264,1277,1274,1307,0,0,0,0,0,0,0,0,0,0,0,0,100
166800,1304,1298,1302,1345,0,0,0,0,0,0,0,0,0,0,0,0,100
166900,1265,1289,1298,1314,0,0,0,0,0,0,0,0,0,0,0,0,100
167000,1286,1297,1294,1330,0,0,0,0,0,0,0,0,0,0,0,0,100
167100,1285,1297,1299,1325,0,0,0,0,0,0,0,0,0,0,0,0,100
167200,1278,1280,1264,1307,0,0,0,0,0,0,0,0,0,0,0,0,100
167300,1290,1298,1312,1338,0,0,0,0,0,0,0,0,0,0,0,0,100
167400,1275,1278,1285,1323,0,0,0,0,0,0,0,0,0,0,0,0,100
167500,1272,1305,1291,1326,0,0,0,0,0,0,0,0,0,0,0,0,100
167600,1283,1300,1276,1315,0,0,0,0,0,0,0,0,0,0,0,0,100
167700,1280,1282,1285,1303,0,0,0,0,0,0,0,0,0,0,0,0,100
167800,1258,1263,1285,1328,0,0,0,0,0,0,0,0,0,0,0,0,100
167900,1264,1277,1309,1328,0,0,0,0,0,0,0,0,0,0,0,0,100
168000,1281,1295,1277,1305,0,0,0,0,0,0,0,0,0,0,0,0,100
168100,1314,1321,1290,1329,0,0,0,0,0,0,0,0,0,0,0,0,100
168200,1282,1292,1298,1338,0,0,0,0,0,0,0,0,0,0,0,0,100
168300,1345,1351,1376,1430,0,0,0,0,0,0,0,0,0,0,0,0,100
168400,1355,1359,1394,1445,0,0,0,0,0,0,0,0,0,0,0,0,100
168500,1270,1283,1312,1346,0,0,0,0,0,0,0,0,0,0,0,0,100
168600,1312,1327,1337,1363,0,0,0,0,0,0,0,0,0,0,0,0,100
168700,1269,1278,1277,1305,0,0,0,0,0,0,0,0,0,0,0,0,100
168800,1299,1303,1312,1349,0,0,0,0,0,0,0,0,0,0,0,0,100
168900,1285,1286,1316,1352,0,0,0,0,0,0,0,0,0,0,0,0,100
169000,1263,1279,1300,1323,0,0,0,0,0,0,0,0,0,0,0,0,100
169100,1274,1284,1285,1312,0,0,0,0,0,0,0,0,0,0,0,0,100
169200,1302,1303,1294,1319,0,0,0,0,0,0,0,0,0,0,0,0,100
169300,1300,1301,1311,1327,0,0,0,0,0,0,0,0,0,0,0,0,100
169400,1296,1304,1316,1343,0,0,0,0,0,0,0,0,0,0,0,0,100
169500,1284,1293,1304,1326,0,0,0,0,0,0,0,0,0,0,0,0,100
169600,1279,1294,1275,1318,0,0,0,0,0,0,0,0,0,0,0,0,100
169700,1276,1306,1309,1327,0,0,0,0,0,0,0,0,0,0,0,0,100
169800,1288,1287,1312,1348,0,0,0,0,0,0,0,0,0,0,0,0,100
169900,1293,1291,1303,1336,0,0,0,0,0,0,0,0,0,0,0,0,100
170000,1262,1311,1311,1346,0,0,0,0,0,0,0,0,0,0,0,0,100
170100,1262,1307,1308,1349,0,0,0,0,0,0,0,0,0,0,0,0,100
170200,1271,1313,1274,1340,0,0,0,0,0,0,0,0,0,0,0,0,100
170300,1289,1291,1287,1315,0,0,0,0,0,0,0,0,0,0,0,0,100
170400,1290,1256,1310,1322,0,0,0,0,0,0,0,0,0,0,0,0,100
170500,1280,1254,1299,1309,0,0,0,0,0,0,0,0,0,0,0,0,100
170600,1260,1260,1314,1320,0,0,0,0,0,0,0,0,0,0,0,0,100
170700,1243,1261,1255,1283,0,0,0,0,0,0,0,0,0,0,0,0,100
170800,1267,1280,1275,1319,0,0,0,0,0,0,0,0,0,0,0,0,100
170900,1176,1177,1197,1192,0,0,0,0,0,0,0,0,0,0,0,0,100
171000,1173,1159,1177,1201,0,0,0,0,0,0,0,0,0,0,0,0,100
171100,1162,1141,1158,1178,0,0,0,0,0,0,0,0,0,0,0,0,100
171200,1130,1112,1127,1150,0,0,0,0,0,0,0,0,0,0,0,0,100
171300,1100,1100,1100,1115,0,0,0,0,0,0,0,0,0,0,0,0,100
171400,1100,1100,1100,1100,0,0,0,0,0,0,0,0,0,0,0,0,100
171500,1100,1100,1100,1100,0,0,0,0,0,0,0,0,0,0,0,0,100
171600,1100,1100,1100,1100,0,0,0,0,0,0,0,0,0,0,0,0,100
171700,1100,1100,1100,1100,0,0,0,0,0,0,0,0,0,0,0,0,100
171800,1100,1100,1100,1100,0,0,0,0,0,0,0,0,0,0,0,0,100
171900,1100,1100,1100,1100,0,0,0,0,0,0,0,0,0,0,0,0,100
172000,1100,1100,1100,1100,0,0,0,0,0,0,0,0,0,0,0,0,100
172100,1100,1100,1100,1100,0,0,0,0,0,0,0,0,0,0,0,0,100
172200,1100,1100,1100,1100,0,0,0,0,0,0,0,0,0,0,0,0,100
172300,1100,1100,1100,1100,0,0,0,0,0,0,0,0,0,0,0,0,100
172400,1100,1100,1100,1100,0,0,0,0,0,0,0,0,0,0,0,0,100
172500,1100,1100,1100,1100,0,0,0,0,0,0,0,0,0,0,0,0,100
172600,1100,1100,1100,1100,0,0,0,0,0,0,0,0,0,0,0,0,100
172700,1100,1100,1100,1100,0,0,0,0,0,0,0,0,0,0,0,0,100
172800,1100,1100,1100,1100,0,0,0,0,0,0,0,0,0,0,0,0,100
172900,1000,1000,1000,1000,0,0,0,0,0,0,0,0,0,0,0,0,100
